	0.3299	0.66035	0.6611	0.6613	1.00225	1.6716	Source	Target
bc1009##1,2-Diacyl-sn-glycerol dioctadecanoyl##Microbe	-0.51168956	-0.0786499	-0.0786499	-0.0786499	-1.111e-05	0.0	bc1009	1,2-Diacyl-sn-glycerol dioctadecanoyl
1,2-Diacyl-sn-glycerol dioctadecanoyl##bc1009##Metabolite	0.51168956	0.0786499	0.0786499	0.0786499	1.111e-05	0.0	1,2-Diacyl-sn-glycerol dioctadecanoyl	bc1009
bc1009##4-Hydroxybenzoate##Microbe	-0.01152566	-0.00177157	-0.00177157	-0.00177157	-2.5e-07	0.0	bc1009	4-Hydroxybenzoate
4-Hydroxybenzoate##bc1009##Metabolite	0.01152566	0.00177157	0.00177157	0.00177157	2.5e-07	0.0	4-Hydroxybenzoate	bc1009
bc1009##5-Aminolevulinate##Microbe	-0.09220526	-0.01417253	-0.01417253	-0.01417253	-2e-06	0.0	bc1009	5-Aminolevulinate
5-Aminolevulinate##bc1009##Metabolite	0.09220526	0.01417253	0.01417253	0.01417253	2e-06	0.0	5-Aminolevulinate	bc1009
bc1009##AMP##Microbe	-0.42947036	-0.06601229	-0.06601229	-0.06601229	-9.33e-06	0.0	bc1009	AMP
AMP##bc1009##Metabolite	0.42947036	0.06601229	0.06601229	0.06601229	9.33e-06	0.0	AMP	bc1009
bc1009##Acetate##Microbe	23.90351098	3.67411996	3.67411996	3.67411996	0.00051922	-7e-08	bc1009	Acetate
bc1009##Ala-Ala##Microbe	-0.10272532	-0.01578953	-0.01578953	-0.01578953	-2.23e-06	0.0	bc1009	Ala-Ala
Ala-Ala##bc1009##Metabolite	0.10272532	0.01578953	0.01578953	0.01578953	2.23e-06	0.0	Ala-Ala	bc1009
bc1009##BET##Microbe	-0.02305132	-0.00354313	-0.00354313	-0.00354313	-5e-07	0.0	bc1009	BET
BET##bc1009##Metabolite	0.02305132	0.00354313	0.00354313	0.00354313	5e-07	0.0	BET	bc1009
bc1009##BIOT##Microbe	-0.01152566	-0.00177157	-0.00177157	-0.00177157	-2.5e-07	0.0	bc1009	BIOT
BIOT##bc1009##Metabolite	0.01152566	0.00177157	0.00177157	0.00177157	2.5e-07	0.0	BIOT	bc1009
bc1009##CMP##Microbe	-0.34543639	-0.05309575	-0.05309575	-0.05309575	-7.5e-06	0.0	bc1009	CMP
CMP##bc1009##Metabolite	0.34543639	0.05309575	0.05309575	0.05309575	7.5e-06	0.0	CMP	bc1009
bc1009##CO2##Microbe	29.62135771	4.55298896	4.55298896	4.55298896	0.00064342	-9e-08	bc1009	CO2
bc1009##Ca2+##Microbe	-0.01152566	-0.00177157	-0.00177157	-0.00177157	-2.5e-07	0.0	bc1009	Ca2+
Ca2+##bc1009##Metabolite	0.01152566	0.00177157	0.00177157	0.00177157	2.5e-07	0.0	Ca2+	bc1009
bc1009##Chorismate##Microbe	-0.02305132	-0.00354313	-0.00354313	-0.00354313	-5e-07	0.0	bc1009	Chorismate
Chorismate##bc1009##Metabolite	0.02305132	0.00354313	0.00354313	0.00354313	5e-07	0.0	Chorismate	bc1009
bc1009##Cl-##Microbe	-0.01152566	-0.00177157	-0.00177157	-0.00177157	-2.5e-07	0.0	bc1009	Cl-
Cl-##bc1009##Metabolite	0.01152566	0.00177157	0.00177157	0.00177157	2.5e-07	0.0	Cl-	bc1009
bc1009##Co2+##Microbe	-0.01152566	-0.00177157	-0.00177157	-0.00177157	-2.5e-07	0.0	bc1009	Co2+
Co2+##bc1009##Metabolite	0.01152566	0.00177157	0.00177157	0.00177157	2.5e-07	0.0	Co2+	bc1009
bc1009##CoA##Microbe	-0.02305132	-0.00354313	-0.00354313	-0.00354313	-5e-07	0.0	bc1009	CoA
CoA##bc1009##Metabolite	0.02305132	0.00354313	0.00354313	0.00354313	5e-07	0.0	CoA	bc1009
bc1009##Cu2+##Microbe	-0.01152566	-0.00177157	-0.00177157	-0.00177157	-2.5e-07	0.0	bc1009	Cu2+
Cu2+##bc1009##Metabolite	0.01152566	0.00177157	0.00177157	0.00177157	2.5e-07	0.0	Cu2+	bc1009
bc1009##D-Arabinose##Microbe	-0.30817595	-0.04736858	-0.04736858	-0.04736858	-6.69e-06	0.0	bc1009	D-Arabinose
D-Arabinose##bc1009##Metabolite	0.30817595	0.04736858	0.04736858	0.04736858	6.69e-06	0.0	D-Arabinose	bc1009
bc1009##D-Glucose##Microbe	-14.71498155	-2.2617852	-2.2617852	-2.2617852	-0.00031963	4e-08	bc1009	D-Glucose
D-Glucose##bc1009##Metabolite	14.71498155	2.2617852	2.2617852	2.2617852	0.00031963	0.0	D-Glucose	bc1009
bc1009##Deoxycytidine##Microbe	-0.06004767	-0.0092297	-0.0092297	-0.0092297	-1.3e-06	0.0	bc1009	Deoxycytidine
Deoxycytidine##bc1009##Metabolite	0.06004767	0.0092297	0.0092297	0.0092297	1.3e-06	0.0	Deoxycytidine	bc1009
bc1009##Deoxyguanosine##Microbe	-0.01152566	-0.00177157	-0.00177157	-0.00177157	-2.5e-07	0.0	bc1009	Deoxyguanosine
Deoxyguanosine##bc1009##Metabolite	0.01152566	0.00177157	0.00177157	0.00177157	2.5e-07	0.0	Deoxyguanosine	bc1009
bc1009##Folate##Microbe	-0.03457697	-0.0053147	-0.0053147	-0.0053147	-7.5e-07	0.0	bc1009	Folate
Folate##bc1009##Metabolite	0.03457697	0.0053147	0.0053147	0.0053147	7.5e-07	0.0	Folate	bc1009
bc1009##Formate##Microbe	-0.01152566	-0.00177157	-0.00177157	-0.00177157	-2.5e-07	0.0	bc1009	Formate
Formate##bc1009##Metabolite	0.01152566	0.00177157	0.00177157	0.00177157	2.5e-07	0.0	Formate	bc1009
bc1009##GTP##Microbe	-0.55615259	-0.08548415	-0.08548415	-0.08548415	-1.208e-05	0.0	bc1009	GTP
GTP##bc1009##Metabolite	0.55615259	0.08548415	0.08548415	0.08548415	1.208e-05	0.0	GTP	bc1009
bc1009##Glycerol##Microbe	-0.25584478	-0.03932495	-0.03932495	-0.03932495	-5.56e-06	0.0	bc1009	Glycerol
Glycerol##bc1009##Metabolite	0.25584478	0.03932495	0.03932495	0.03932495	5.56e-06	0.0	Glycerol	bc1009
bc1009##Glycine##Microbe	-2.05959672	-0.31657297	-0.31657297	-0.31657297	-4.474e-05	1e-08	bc1009	Glycine
Glycine##bc1009##Metabolite	2.05959672	0.31657297	0.31657297	0.31657297	4.474e-05	0.0	Glycine	bc1009
bc1009##H+##Microbe	20.95031127	3.22019459	3.22019459	3.22019459	0.00045507	-6e-08	bc1009	H+
bc1009##H2O##Microbe	54.06802207	8.31059501	8.31059501	8.31059501	0.00117444	-1.6e-07	bc1009	H2O
bc1009##Heme##Microbe	-0.01152566	-0.00177157	-0.00177157	-0.00177157	-2.5e-07	0.0	bc1009	Heme
Heme##bc1009##Metabolite	0.01152566	0.00177157	0.00177157	0.00177157	2.5e-07	0.0	Heme	bc1009
bc1009##K+##Microbe	-0.01152566	-0.00177157	-0.00177157	-0.00177157	-2.5e-07	0.0	bc1009	K+
K+##bc1009##Metabolite	0.01152566	0.00177157	0.00177157	0.00177157	2.5e-07	0.0	K+	bc1009
bc1009##L-Alanine##Microbe	-1.86036804	-0.28595027	-0.28595027	-0.28595027	-4.041e-05	1e-08	bc1009	L-Alanine
L-Alanine##bc1009##Metabolite	1.86036804	0.28595027	0.28595027	0.28595027	4.041e-05	0.0	L-Alanine	bc1009
bc1009##L-Arginine##Microbe	-1.01325085	-0.15574303	-0.15574303	-0.15574303	-2.201e-05	0.0	bc1009	L-Arginine
L-Arginine##bc1009##Metabolite	1.01325085	0.15574303	0.15574303	0.15574303	2.201e-05	0.0	L-Arginine	bc1009
bc1009##L-Asparagine##Microbe	-0.82486667	-0.12678719	-0.12678719	-0.12678719	-1.792e-05	0.0	bc1009	L-Asparagine
L-Asparagine##bc1009##Metabolite	0.82486667	0.12678719	0.12678719	0.12678719	1.792e-05	0.0	L-Asparagine	bc1009
bc1009##L-Aspartate##Microbe	-0.82486667	-0.12678719	-0.12678719	-0.12678719	-1.792e-05	0.0	bc1009	L-Aspartate
L-Aspartate##bc1009##Metabolite	0.82486667	0.12678719	0.12678719	0.12678719	1.792e-05	0.0	L-Aspartate	bc1009
bc1009##L-Cysteine##Microbe	-0.31275433	-0.04807231	-0.04807231	-0.04807231	-6.79e-06	0.0	bc1009	L-Cysteine
L-Cysteine##bc1009##Metabolite	0.31275433	0.04807231	0.04807231	0.04807231	6.79e-06	0.0	L-Cysteine	bc1009
bc1009##L-Glutamate##Microbe	-1.0486825	-0.16118909	-0.16118909	-0.16118909	-2.278e-05	0.0	bc1009	L-Glutamate
L-Glutamate##bc1009##Metabolite	1.0486825	0.16118909	0.16118909	0.16118909	2.278e-05	0.0	L-Glutamate	bc1009
bc1009##L-Glutamine##Microbe	-0.87680323	-0.13477017	-0.13477017	-0.13477017	-1.905e-05	0.0	bc1009	L-Glutamine
L-Glutamine##bc1009##Metabolite	0.87680323	0.13477017	0.13477017	0.13477017	1.905e-05	0.0	L-Glutamine	bc1009
bc1009##L-Histidine##Microbe	-0.32555713	-0.05004018	-0.05004018	-0.05004018	-7.07e-06	0.0	bc1009	L-Histidine
L-Histidine##bc1009##Metabolite	0.32555713	0.05004018	0.05004018	0.05004018	7.07e-06	0.0	L-Histidine	bc1009
bc1009##L-Isoleucine##Microbe	-0.99313215	-0.15265066	-0.15265066	-0.15265066	-2.157e-05	0.0	bc1009	L-Isoleucine
L-Isoleucine##bc1009##Metabolite	0.99313215	0.15265066	0.15265066	0.15265066	2.157e-05	0.0	L-Isoleucine	bc1009
bc1009##L-Leucine##Microbe	-1.54182395	-0.23698804	-0.23698804	-0.23698804	-3.349e-05	0.0	bc1009	L-Leucine
L-Leucine##bc1009##Metabolite	1.54182395	0.23698804	0.23698804	0.23698804	3.349e-05	0.0	L-Leucine	bc1009
bc1009##L-Lysine##Microbe	-1.17237148	-0.18020087	-0.18020087	-0.18020087	-2.547e-05	0.0	bc1009	L-Lysine
L-Lysine##bc1009##Metabolite	1.17237148	0.18020087	0.18020087	0.18020087	2.547e-05	0.0	L-Lysine	bc1009
bc1009##L-Methionine##Microbe	-0.50186384	-0.07713963	-0.07713963	-0.07713963	-1.09e-05	0.0	bc1009	L-Methionine
L-Methionine##bc1009##Metabolite	0.50186384	0.07713963	0.07713963	0.07713963	1.09e-05	0.0	L-Methionine	bc1009
bc1009##L-Phenylalanine##Microbe	-0.63465351	-0.09755024	-0.09755024	-0.09755024	-1.379e-05	0.0	bc1009	L-Phenylalanine
L-Phenylalanine##bc1009##Metabolite	0.63465351	0.09755024	0.09755024	0.09755024	1.379e-05	0.0	L-Phenylalanine	bc1009
bc1009##L-Proline##Microbe	-0.75719468	-0.11638558	-0.11638558	-0.11638558	-1.645e-05	0.0	bc1009	L-Proline
L-Proline##bc1009##Metabolite	0.75719468	0.11638558	0.11638558	0.11638558	1.645e-05	0.0	L-Proline	bc1009
bc1009##L-Serine##Microbe	-0.87652403	-0.13472726	-0.13472726	-0.13472726	-1.904e-05	0.0	bc1009	L-Serine
L-Serine##bc1009##Metabolite	0.87652403	0.13472726	0.13472726	0.13472726	1.904e-05	0.0	L-Serine	bc1009
bc1009##L-Threonine##Microbe	-0.86693304	-0.13325306	-0.13325306	-0.13325306	-1.883e-05	0.0	bc1009	L-Threonine
L-Threonine##bc1009##Metabolite	0.86693304	0.13325306	0.13325306	0.13325306	1.883e-05	0.0	L-Threonine	bc1009
bc1009##L-Tryptophan##Microbe	-0.1938711	-0.02979921	-0.02979921	-0.02979921	-4.21e-06	0.0	bc1009	L-Tryptophan
L-Tryptophan##bc1009##Metabolite	0.1938711	0.02979921	0.02979921	0.02979921	4.21e-06	0.0	L-Tryptophan	bc1009
bc1009##L-Tyrosine##Microbe	-0.49565159	-0.07618477	-0.07618477	-0.07618477	-1.077e-05	0.0	bc1009	L-Tyrosine
L-Tyrosine##bc1009##Metabolite	0.49565159	0.07618477	0.07618477	0.07618477	1.077e-05	0.0	L-Tyrosine	bc1009
bc1009##L-Valine##Microbe	-1.44671737	-0.22236956	-0.22236956	-0.22236956	-3.142e-05	0.0	bc1009	L-Valine
L-Valine##bc1009##Metabolite	1.44671737	0.22236956	0.22236956	0.22236956	3.142e-05	0.0	L-Valine	bc1009
bc1009##Mg##Microbe	-0.01152566	-0.00177157	-0.00177157	-0.00177157	-2.5e-07	0.0	bc1009	Mg
Mg##bc1009##Metabolite	0.01152566	0.00177157	0.00177157	0.00177157	2.5e-07	0.0	Mg	bc1009
bc1009##Mn2+##Microbe	-0.01152566	-0.00177157	-0.00177157	-0.00177157	-2.5e-07	0.0	bc1009	Mn2+
Mn2+##bc1009##Metabolite	0.01152566	0.00177157	0.00177157	0.00177157	2.5e-07	0.0	Mn2+	bc1009
bc1009##Myristic acid##Microbe	-0.40225703	-0.06182943	-0.06182943	-0.06182943	-8.74e-06	0.0	bc1009	Myristic acid
Myristic acid##bc1009##Metabolite	0.40225703	0.06182943	0.06182943	0.06182943	8.74e-06	0.0	Myristic acid	bc1009
bc1009##N-Acetyl-D-glucosamine##Microbe	-0.42242693	-0.06492968	-0.06492968	-0.06492968	-9.18e-06	0.0	bc1009	N-Acetyl-D-glucosamine
N-Acetyl-D-glucosamine##bc1009##Metabolite	0.42242693	0.06492968	0.06492968	0.06492968	9.18e-06	0.0	N-Acetyl-D-glucosamine	bc1009
bc1009##NADP##Microbe	-0.03457697	-0.0053147	-0.0053147	-0.0053147	-7.5e-07	0.0	bc1009	NADP
NADP##bc1009##Metabolite	0.03457697	0.0053147	0.0053147	0.0053147	7.5e-07	0.0	NADP	bc1009
bc1009##NH3##Microbe	0.05762829	0.00885783	0.00885783	0.00885783	1.25e-06	0.0	bc1009	NH3
bc1009##Niacin##Microbe	0.01152566	0.00177157	0.00177157	0.00177157	2.5e-07	0.0	bc1009	Niacin
bc1009##O2##Microbe	-26.81078062	-4.12098558	-4.12098558	-4.12098558	-0.00058237	8e-08	bc1009	O2
O2##bc1009##Metabolite	26.81078062	4.12098558	4.12098558	4.12098558	0.00058237	0.0	O2	bc1009
bc1009##Oxidized glutathione##Microbe	-0.00576283	-0.00088578	-0.00088578	-0.00088578	-1.3e-07	0.0	bc1009	Oxidized glutathione
Oxidized glutathione##bc1009##Metabolite	0.00576283	0.00088578	0.00088578	0.00088578	1.3e-07	0.0	Oxidized glutathione	bc1009
bc1009##PPi##Microbe	0.11917462	0.01831789	0.01831789	0.01831789	2.59e-06	0.0	bc1009	PPi
bc1009##Putrescine##Microbe	-0.01152566	-0.00177157	-0.00177157	-0.00177157	-2.5e-07	0.0	bc1009	Putrescine
Putrescine##bc1009##Metabolite	0.01152566	0.00177157	0.00177157	0.00177157	2.5e-07	0.0	Putrescine	bc1009
bc1009##Pyridoxal##Microbe	-0.01152566	-0.00177157	-0.00177157	-0.00177157	-2.5e-07	0.0	bc1009	Pyridoxal
Pyridoxal##bc1009##Metabolite	0.01152566	0.00177157	0.00177157	0.00177157	2.5e-07	0.0	Pyridoxal	bc1009
bc1009##Riboflavin##Microbe	-0.03457697	-0.0053147	-0.0053147	-0.0053147	-7.5e-07	0.0	bc1009	Riboflavin
Riboflavin##bc1009##Metabolite	0.03457697	0.0053147	0.0053147	0.0053147	7.5e-07	0.0	Riboflavin	bc1009
bc1009##S-Adenosyl-L-methionine##Microbe	-0.03457697	-0.0053147	-0.0053147	-0.0053147	-7.5e-07	0.0	bc1009	S-Adenosyl-L-methionine
S-Adenosyl-L-methionine##bc1009##Metabolite	0.03457697	0.0053147	0.0053147	0.0053147	7.5e-07	0.0	S-Adenosyl-L-methionine	bc1009
bc1009##Spermidine##Microbe	-0.01152566	-0.00177157	-0.00177157	-0.00177157	-2.5e-07	0.0	bc1009	Spermidine
Spermidine##bc1009##Metabolite	0.01152566	0.00177157	0.00177157	0.00177157	2.5e-07	0.0	Spermidine	bc1009
bc1009##Sulfate##Microbe	-0.01152566	-0.00177157	-0.00177157	-0.00177157	-2.5e-07	0.0	bc1009	Sulfate
Sulfate##bc1009##Metabolite	0.01152566	0.00177157	0.00177157	0.00177157	2.5e-07	0.0	Sulfate	bc1009
bc1009##TRHL##Microbe	-0.2432806	-0.03739376	-0.03739376	-0.03739376	-5.28e-06	0.0	bc1009	TRHL
TRHL##bc1009##Metabolite	0.2432806	0.03739376	0.03739376	0.03739376	5.28e-06	0.0	TRHL	bc1009
bc1009##TTP##Microbe	-0.07156078	-0.01099934	-0.01099934	-0.01099934	-1.55e-06	0.0	bc1009	TTP
TTP##bc1009##Metabolite	0.07156078	0.01099934	0.01099934	0.01099934	1.55e-06	0.0	TTP	bc1009
bc1009##Thiamin##Microbe	-0.01152566	-0.00177157	-0.00177157	-0.00177157	-2.5e-07	0.0	bc1009	Thiamin
Thiamin##bc1009##Metabolite	0.01152566	0.00177157	0.00177157	0.00177157	2.5e-07	0.0	Thiamin	bc1009
bc1009##UMP##Microbe	-0.38459696	-0.05911497	-0.05911497	-0.05911497	-8.35e-06	0.0	bc1009	UMP
UMP##bc1009##Metabolite	0.38459696	0.05911497	0.05911497	0.05911497	8.35e-06	0.0	UMP	bc1009
bc1009##Zn2+##Microbe	-0.01152566	-0.00177157	-0.00177157	-0.00177157	-2.5e-07	0.0	bc1009	Zn2+
Zn2+##bc1009##Metabolite	0.01152566	0.00177157	0.00177157	0.00177157	2.5e-07	0.0	Zn2+	bc1009
bc1009##dATP##Microbe	-0.07156078	-0.01099934	-0.01099934	-0.01099934	-1.55e-06	0.0	bc1009	dATP
dATP##bc1009##Metabolite	0.07156078	0.01099934	0.01099934	0.01099934	1.55e-06	0.0	dATP	bc1009
bc1009##dGTP##Microbe	-0.04852201	-0.00745814	-0.00745814	-0.00745814	-1.05e-06	0.0	bc1009	dGTP
dGTP##bc1009##Metabolite	0.04852201	0.00745814	0.00745814	0.00745814	1.05e-06	0.0	dGTP	bc1009
bc1009##ddca##Microbe	-0.21409488	-0.03290773	-0.03290773	-0.03290773	-4.65e-06	0.0	bc1009	ddca
ddca##bc1009##Metabolite	0.21409488	0.03290773	0.03290773	0.03290773	4.65e-06	0.0	ddca	bc1009
bc1009##fe3##Microbe	-0.03457697	-0.0053147	-0.0053147	-0.0053147	-7.5e-07	0.0	bc1009	fe3
fe3##bc1009##Metabolite	0.03457697	0.0053147	0.0053147	0.0053147	7.5e-07	0.0	fe3	bc1009
bc1009##meso-2,6-Diaminopimelate##Microbe	-0.10272532	-0.01578953	-0.01578953	-0.01578953	-2.23e-06	0.0	bc1009	meso-2,6-Diaminopimelate
meso-2,6-Diaminopimelate##bc1009##Metabolite	0.10272532	0.01578953	0.01578953	0.01578953	2.23e-06	0.0	meso-2,6-Diaminopimelate	bc1009
bc1001##1,2-Diacyl-sn-glycerol dioctadecanoyl##Microbe	-0.50890587	-0.07822203	-0.07822203	-0.07822203	-1.106e-05	0.0	bc1001	1,2-Diacyl-sn-glycerol dioctadecanoyl
1,2-Diacyl-sn-glycerol dioctadecanoyl##bc1001##Metabolite	0.50890587	0.07822203	0.07822203	0.07822203	1.106e-05	0.0	1,2-Diacyl-sn-glycerol dioctadecanoyl	bc1001
bc1001##4-Hydroxybenzoate##Microbe	-0.01146296	-0.00176193	-0.00176193	-0.00176193	-2.5e-07	0.0	bc1001	4-Hydroxybenzoate
4-Hydroxybenzoate##bc1001##Metabolite	0.01146296	0.00176193	0.00176193	0.00176193	2.5e-07	0.0	4-Hydroxybenzoate	bc1001
bc1001##5-Aminolevulinate##Microbe	-0.09170365	-0.01409543	-0.01409543	-0.01409543	-1.99e-06	0.0	bc1001	5-Aminolevulinate
5-Aminolevulinate##bc1001##Metabolite	0.09170365	0.01409543	0.01409543	0.01409543	1.99e-06	0.0	5-Aminolevulinate	bc1001
bc1001##AMP##Microbe	-0.31681052	-0.04869577	-0.04869577	-0.04869577	-6.88e-06	0.0	bc1001	AMP
AMP##bc1001##Metabolite	0.31681052	0.04869577	0.04869577	0.04869577	6.88e-06	0.0	AMP	bc1001
bc1001##Acetate##Microbe	23.83335494	3.66333653	3.66333653	3.66333653	0.00051785	-7e-08	bc1001	Acetate
bc1001##Adenosine##Microbe	-0.12178639	-0.01871933	-0.01871933	-0.01871933	-2.65e-06	0.0	bc1001	Adenosine
Adenosine##bc1001##Metabolite	0.12178639	0.01871933	0.01871933	0.01871933	2.65e-06	0.0	Adenosine	bc1001
bc1001##Ala-Ala##Microbe	-0.10216647	-0.01570363	-0.01570363	-0.01570363	-2.22e-06	0.0	bc1001	Ala-Ala
Ala-Ala##bc1001##Metabolite	0.10216647	0.01570363	0.01570363	0.01570363	2.22e-06	0.0	Ala-Ala	bc1001
bc1001##BET##Microbe	-0.02292591	-0.00352386	-0.00352386	-0.00352386	-5e-07	0.0	bc1001	BET
BET##bc1001##Metabolite	0.02292591	0.00352386	0.00352386	0.00352386	5e-07	0.0	BET	bc1001
bc1001##BIOT##Microbe	-0.01146296	-0.00176193	-0.00176193	-0.00176193	-2.5e-07	0.0	bc1001	BIOT
BIOT##bc1001##Metabolite	0.01146296	0.00176193	0.00176193	0.00176193	2.5e-07	0.0	BIOT	bc1001
bc1001##CMP##Microbe	-0.34355715	-0.05280689	-0.05280689	-0.05280689	-7.46e-06	0.0	bc1001	CMP
CMP##bc1001##Metabolite	0.34355715	0.05280689	0.05280689	0.05280689	7.46e-06	0.0	CMP	bc1001
bc1001##CO2##Microbe	29.61179908	4.55151974	4.55151974	4.55151974	0.0006434	-9e-08	bc1001	CO2
bc1001##Ca2+##Microbe	-0.01146296	-0.00176193	-0.00176193	-0.00176193	-2.5e-07	0.0	bc1001	Ca2+
Ca2+##bc1001##Metabolite	0.01146296	0.00176193	0.00176193	0.00176193	2.5e-07	0.0	Ca2+	bc1001
bc1001##Chorismate##Microbe	-0.02292591	-0.00352386	-0.00352386	-0.00352386	-5e-07	0.0	bc1001	Chorismate
Chorismate##bc1001##Metabolite	0.02292591	0.00352386	0.00352386	0.00352386	5e-07	0.0	Chorismate	bc1001
bc1001##Cl-##Microbe	-0.01146296	-0.00176193	-0.00176193	-0.00176193	-2.5e-07	0.0	bc1001	Cl-
Cl-##bc1001##Metabolite	0.01146296	0.00176193	0.00176193	0.00176193	2.5e-07	0.0	Cl-	bc1001
bc1001##Co2+##Microbe	-0.01146296	-0.00176193	-0.00176193	-0.00176193	-2.5e-07	0.0	bc1001	Co2+
Co2+##bc1001##Metabolite	0.01146296	0.00176193	0.00176193	0.00176193	2.5e-07	0.0	Co2+	bc1001
bc1001##CoA##Microbe	-0.02292591	-0.00352386	-0.00352386	-0.00352386	-5e-07	0.0	bc1001	CoA
CoA##bc1001##Metabolite	0.02292591	0.00352386	0.00352386	0.00352386	5e-07	0.0	CoA	bc1001
bc1001##Cu2+##Microbe	-0.01146296	-0.00176193	-0.00176193	-0.00176193	-2.5e-07	0.0	bc1001	Cu2+
Cu2+##bc1001##Metabolite	0.01146296	0.00176193	0.00176193	0.00176193	2.5e-07	0.0	Cu2+	bc1001
bc1001##D-Arabinose##Microbe	-0.30649941	-0.04711089	-0.04711089	-0.04711089	-6.66e-06	0.0	bc1001	D-Arabinose
D-Arabinose##bc1001##Metabolite	0.30649941	0.04711089	0.04711089	0.04711089	6.66e-06	0.0	D-Arabinose	bc1001
bc1001##D-Glucose##Microbe	-14.71072285	-2.26113061	-2.26113061	-2.26113061	-0.00031963	4e-08	bc1001	D-Glucose
D-Glucose##bc1001##Metabolite	14.71072285	2.26113061	2.26113061	2.26113061	0.00031963	0.0	D-Glucose	bc1001
bc1001##Deoxycytidine##Microbe	-0.09427443	-0.01449057	-0.01449057	-0.01449057	-2.05e-06	0.0	bc1001	Deoxycytidine
Deoxycytidine##bc1001##Metabolite	0.09427443	0.01449057	0.01449057	0.01449057	2.05e-06	0.0	Deoxycytidine	bc1001
bc1001##Deoxyguanosine##Microbe	-0.01146296	-0.00176193	-0.00176193	-0.00176193	-2.5e-07	0.0	bc1001	Deoxyguanosine
Deoxyguanosine##bc1001##Metabolite	0.01146296	0.00176193	0.00176193	0.00176193	2.5e-07	0.0	Deoxyguanosine	bc1001
bc1001##Folate##Microbe	-0.03438887	-0.00528579	-0.00528579	-0.00528579	-7.5e-07	0.0	bc1001	Folate
Folate##bc1001##Metabolite	0.03438887	0.00528579	0.00528579	0.00528579	7.5e-07	0.0	Folate	bc1001
bc1001##Formate##Microbe	-0.01146296	-0.00176193	-0.00176193	-0.00176193	-2.5e-07	0.0	bc1001	Formate
Formate##bc1001##Metabolite	0.01146296	0.00176193	0.00176193	0.00176193	2.5e-07	0.0	Formate	bc1001
bc1001##GTP##Microbe	-0.55312701	-0.0850191	-0.0850191	-0.0850191	-1.202e-05	0.0	bc1001	GTP
GTP##bc1001##Metabolite	0.55312701	0.0850191	0.0850191	0.0850191	1.202e-05	0.0	GTP	bc1001
bc1001##Glycerol##Microbe	-0.25445293	-0.03911102	-0.03911102	-0.03911102	-5.53e-06	0.0	bc1001	Glycerol
Glycerol##bc1001##Metabolite	0.25445293	0.03911102	0.03911102	0.03911102	5.53e-06	0.0	Glycerol	bc1001
bc1001##Glycine##Microbe	-2.0483921	-0.31485075	-0.31485075	-0.31485075	-4.451e-05	1e-08	bc1001	Glycine
Glycine##bc1001##Metabolite	2.0483921	0.31485075	0.31485075	0.31485075	4.451e-05	0.0	Glycine	bc1001
bc1001##H+##Microbe	21.00271942	3.22825005	3.22825005	3.22825005	0.00045634	-6e-08	bc1001	H+
bc1001##H2O##Microbe	54.11270118	8.31746247	8.31746247	8.31746247	0.00117575	-1.6e-07	bc1001	H2O
bc1001##Heme##Microbe	-0.01146296	-0.00176193	-0.00176193	-0.00176193	-2.5e-07	0.0	bc1001	Heme
Heme##bc1001##Metabolite	0.01146296	0.00176193	0.00176193	0.00176193	2.5e-07	0.0	Heme	bc1001
bc1001##K+##Microbe	-0.01146296	-0.00176193	-0.00176193	-0.00176193	-2.5e-07	0.0	bc1001	K+
K+##bc1001##Metabolite	0.01146296	0.00176193	0.00176193	0.00176193	2.5e-07	0.0	K+	bc1001
bc1001##L-Alanine##Microbe	-1.85024727	-0.28439464	-0.28439464	-0.28439464	-4.02e-05	1e-08	bc1001	L-Alanine
L-Alanine##bc1001##Metabolite	1.85024727	0.28439464	0.28439464	0.28439464	4.02e-05	0.0	L-Alanine	bc1001
bc1001##L-Arginine##Microbe	-1.00773856	-0.15489575	-0.15489575	-0.15489575	-2.19e-05	0.0	bc1001	L-Arginine
L-Arginine##bc1001##Metabolite	1.00773856	0.15489575	0.15489575	0.15489575	2.19e-05	0.0	L-Arginine	bc1001
bc1001##L-Asparagine##Microbe	-0.82037923	-0.12609745	-0.12609745	-0.12609745	-1.783e-05	0.0	bc1001	L-Asparagine
L-Asparagine##bc1001##Metabolite	0.82037923	0.12609745	0.12609745	0.12609745	1.783e-05	0.0	L-Asparagine	bc1001
bc1001##L-Aspartate##Microbe	-0.82037923	-0.12609745	-0.12609745	-0.12609745	-1.783e-05	0.0	bc1001	L-Aspartate
L-Aspartate##bc1001##Metabolite	0.82037923	0.12609745	0.12609745	0.12609745	1.783e-05	0.0	L-Aspartate	bc1001
bc1001##L-Cysteine##Microbe	-0.31105288	-0.04781078	-0.04781078	-0.04781078	-6.76e-06	0.0	bc1001	L-Cysteine
L-Cysteine##bc1001##Metabolite	0.31105288	0.04781078	0.04781078	0.04781078	6.76e-06	0.0	L-Cysteine	bc1001
bc1001##L-Glutamate##Microbe	-1.04297745	-0.16031219	-0.16031219	-0.16031219	-2.266e-05	0.0	bc1001	L-Glutamate
L-Glutamate##bc1001##Metabolite	1.04297745	0.16031219	0.16031219	0.16031219	2.266e-05	0.0	L-Glutamate	bc1001
bc1001##L-Glutamine##Microbe	-0.87203325	-0.13403699	-0.13403699	-0.13403699	-1.895e-05	0.0	bc1001	L-Glutamine
L-Glutamine##bc1001##Metabolite	0.87203325	0.13403699	0.13403699	0.13403699	1.895e-05	0.0	L-Glutamine	bc1001
bc1001##L-Histidine##Microbe	-0.32378604	-0.04976795	-0.04976795	-0.04976795	-7.04e-06	0.0	bc1001	L-Histidine
L-Histidine##bc1001##Metabolite	0.32378604	0.04976795	0.04976795	0.04976795	7.04e-06	0.0	L-Histidine	bc1001
bc1001##L-Isoleucine##Microbe	-0.98772931	-0.15182021	-0.15182021	-0.15182021	-2.146e-05	0.0	bc1001	L-Isoleucine
L-Isoleucine##bc1001##Metabolite	0.98772931	0.15182021	0.15182021	0.15182021	2.146e-05	0.0	L-Isoleucine	bc1001
bc1001##L-Leucine##Microbe	-1.53343612	-0.23569877	-0.23569877	-0.23569877	-3.332e-05	0.0	bc1001	L-Leucine
L-Leucine##bc1001##Metabolite	1.53343612	0.23569877	0.23569877	0.23569877	3.332e-05	0.0	L-Leucine	bc1001
bc1001##L-Lysine##Microbe	-1.16599354	-0.17922054	-0.17922054	-0.17922054	-2.533e-05	0.0	bc1001	L-Lysine
L-Lysine##bc1001##Metabolite	1.16599354	0.17922054	0.17922054	0.17922054	2.533e-05	0.0	L-Lysine	bc1001
bc1001##L-Methionine##Microbe	-0.4991336	-0.07671997	-0.07671997	-0.07671997	-1.085e-05	0.0	bc1001	L-Methionine
L-Methionine##bc1001##Metabolite	0.4991336	0.07671997	0.07671997	0.07671997	1.085e-05	0.0	L-Methionine	bc1001
bc1001##L-Phenylalanine##Microbe	-0.63120087	-0.09701954	-0.09701954	-0.09701954	-1.371e-05	0.0	bc1001	L-Phenylalanine
L-Phenylalanine##bc1001##Metabolite	0.63120087	0.09701954	0.09701954	0.09701954	1.371e-05	0.0	L-Phenylalanine	bc1001
bc1001##L-Proline##Microbe	-0.75307539	-0.11575242	-0.11575242	-0.11575242	-1.636e-05	0.0	bc1001	L-Proline
L-Proline##bc1001##Metabolite	0.75307539	0.11575242	0.11575242	0.11575242	1.636e-05	0.0	L-Proline	bc1001
bc1001##L-Serine##Microbe	-0.87175556	-0.13399431	-0.13399431	-0.13399431	-1.894e-05	0.0	bc1001	L-Serine
L-Serine##bc1001##Metabolite	0.87175556	0.13399431	0.13399431	0.13399431	1.894e-05	0.0	L-Serine	bc1001
bc1001##L-Threonine##Microbe	-0.86221675	-0.13252814	-0.13252814	-0.13252814	-1.873e-05	0.0	bc1001	L-Threonine
L-Threonine##bc1001##Metabolite	0.86221675	0.13252814	0.13252814	0.13252814	1.873e-05	0.0	L-Threonine	bc1001
bc1001##L-Tryptophan##Microbe	-0.1928164	-0.02963709	-0.02963709	-0.02963709	-4.19e-06	0.0	bc1001	L-Tryptophan
L-Tryptophan##bc1001##Metabolite	0.1928164	0.02963709	0.02963709	0.02963709	4.19e-06	0.0	L-Tryptophan	bc1001
bc1001##L-Tyrosine##Microbe	-0.49295515	-0.07577031	-0.07577031	-0.07577031	-1.071e-05	0.0	bc1001	L-Tyrosine
L-Tyrosine##bc1001##Metabolite	0.49295515	0.07577031	0.07577031	0.07577031	1.071e-05	0.0	L-Tyrosine	bc1001
bc1001##L-Valine##Microbe	-1.43884694	-0.22115982	-0.22115982	-0.22115982	-3.126e-05	0.0	bc1001	L-Valine
L-Valine##bc1001##Metabolite	1.43884694	0.22115982	0.22115982	0.22115982	3.126e-05	0.0	L-Valine	bc1001
bc1001##Mg##Microbe	-0.01146296	-0.00176193	-0.00176193	-0.00176193	-2.5e-07	0.0	bc1001	Mg
Mg##bc1001##Metabolite	0.01146296	0.00176193	0.00176193	0.00176193	2.5e-07	0.0	Mg	bc1001
bc1001##Mn2+##Microbe	-0.01146296	-0.00176193	-0.00176193	-0.00176193	-2.5e-07	0.0	bc1001	Mn2+
Mn2+##bc1001##Metabolite	0.01146296	0.00176193	0.00176193	0.00176193	2.5e-07	0.0	Mn2+	bc1001
bc1001##Myristic acid##Microbe	-0.30836502	-0.04739764	-0.04739764	-0.04739764	-6.7e-06	0.0	bc1001	Myristic acid
Myristic acid##bc1001##Metabolite	0.30836502	0.04739764	0.04739764	0.04739764	6.7e-06	0.0	Myristic acid	bc1001
bc1001##N-Acetyl-D-glucosamine##Microbe	-0.42012884	-0.06457644	-0.06457644	-0.06457644	-9.13e-06	0.0	bc1001	N-Acetyl-D-glucosamine
N-Acetyl-D-glucosamine##bc1001##Metabolite	0.42012884	0.06457644	0.06457644	0.06457644	9.13e-06	0.0	N-Acetyl-D-glucosamine	bc1001
bc1001##NADP##Microbe	-0.02292591	-0.00352386	-0.00352386	-0.00352386	-5e-07	0.0	bc1001	NADP
NADP##bc1001##Metabolite	0.02292591	0.00352386	0.00352386	0.00352386	5e-07	0.0	NADP	bc1001
bc1001##Niacin##Microbe	0.01146296	0.00176193	0.00176193	0.00176193	2.5e-07	0.0	bc1001	Niacin
bc1001##Nicotinamide ribonucleotide##Microbe	-0.01146296	-0.00176193	-0.00176193	-0.00176193	-2.5e-07	0.0	bc1001	Nicotinamide ribonucleotide
Nicotinamide ribonucleotide##bc1001##Metabolite	0.01146296	0.00176193	0.00176193	0.00176193	2.5e-07	0.0	Nicotinamide ribonucleotide	bc1001
bc1001##Nitrite##Microbe	0.05731478	0.00880964	0.00880964	0.00880964	1.25e-06	0.0	bc1001	Nitrite
bc1001##O2##Microbe	-26.81078062	-4.12098558	-4.12098558	-4.12098558	-0.00058254	8e-08	bc1001	O2
O2##bc1001##Metabolite	26.81078062	4.12098558	4.12098558	4.12098558	0.00058254	0.0	O2	bc1001
bc1001##Oxidized glutathione##Microbe	-0.00573148	-0.00088096	-0.00088096	-0.00088096	-1.2e-07	0.0	bc1001	Oxidized glutathione
Oxidized glutathione##bc1001##Metabolite	0.00573148	0.00088096	0.00088096	0.00088096	1.2e-07	0.0	Oxidized glutathione	bc1001
bc1001##Putrescine##Microbe	-0.01146296	-0.00176193	-0.00176193	-0.00176193	-2.5e-07	0.0	bc1001	Putrescine
Putrescine##bc1001##Metabolite	0.01146296	0.00176193	0.00176193	0.00176193	2.5e-07	0.0	Putrescine	bc1001
bc1001##Pyridoxal##Microbe	-0.01146296	-0.00176193	-0.00176193	-0.00176193	-2.5e-07	0.0	bc1001	Pyridoxal
Pyridoxal##bc1001##Metabolite	0.01146296	0.00176193	0.00176193	0.00176193	2.5e-07	0.0	Pyridoxal	bc1001
bc1001##Riboflavin##Microbe	-0.03438887	-0.00528579	-0.00528579	-0.00528579	-7.5e-07	0.0	bc1001	Riboflavin
Riboflavin##bc1001##Metabolite	0.03438887	0.00528579	0.00528579	0.00528579	7.5e-07	0.0	Riboflavin	bc1001
bc1001##S-Adenosyl-L-methionine##Microbe	-0.03438887	-0.00528579	-0.00528579	-0.00528579	-7.5e-07	0.0	bc1001	S-Adenosyl-L-methionine
S-Adenosyl-L-methionine##bc1001##Metabolite	0.03438887	0.00528579	0.00528579	0.00528579	7.5e-07	0.0	S-Adenosyl-L-methionine	bc1001
bc1001##Spermidine##Microbe	-0.01146296	-0.00176193	-0.00176193	-0.00176193	-2.5e-07	0.0	bc1001	Spermidine
Spermidine##bc1001##Metabolite	0.01146296	0.00176193	0.00176193	0.00176193	2.5e-07	0.0	Spermidine	bc1001
bc1001##Sulfate##Microbe	-0.01146296	-0.00176193	-0.00176193	-0.00176193	-2.5e-07	0.0	bc1001	Sulfate
Sulfate##bc1001##Metabolite	0.01146296	0.00176193	0.00176193	0.00176193	2.5e-07	0.0	Sulfate	bc1001
bc1001##TRHL##Microbe	-0.24195711	-0.03719033	-0.03719033	-0.03719033	-5.26e-06	0.0	bc1001	TRHL
TRHL##bc1001##Metabolite	0.24195711	0.03719033	0.03719033	0.03719033	5.26e-06	0.0	TRHL	bc1001
bc1001##TTP##Microbe	-0.03658231	-0.00562293	-0.00562293	-0.00562293	-7.9e-07	0.0	bc1001	TTP
TTP##bc1001##Metabolite	0.03658231	0.00562293	0.00562293	0.00562293	7.9e-07	0.0	TTP	bc1001
bc1001##Thiamin##Microbe	-0.01146296	-0.00176193	-0.00176193	-0.00176193	-2.5e-07	0.0	bc1001	Thiamin
Thiamin##bc1001##Metabolite	0.01146296	0.00176193	0.00176193	0.00176193	2.5e-07	0.0	Thiamin	bc1001
bc1001##UMP##Microbe	-0.38250468	-0.05879337	-0.05879337	-0.05879337	-8.31e-06	0.0	bc1001	UMP
UMP##bc1001##Metabolite	0.38250468	0.05879337	0.05879337	0.05879337	8.31e-06	0.0	UMP	bc1001
bc1001##Zn2+##Microbe	-0.01146296	-0.00176193	-0.00176193	-0.00176193	-2.5e-07	0.0	bc1001	Zn2+
Zn2+##bc1001##Metabolite	0.01146296	0.00176193	0.00176193	0.00176193	2.5e-07	0.0	Zn2+	bc1001
bc1001##dATP##Microbe	-0.03658231	-0.00562293	-0.00562293	-0.00562293	-7.9e-07	0.0	bc1001	dATP
dATP##bc1001##Metabolite	0.03658231	0.00562293	0.00562293	0.00562293	7.9e-07	0.0	dATP	bc1001
bc1001##dGTP##Microbe	-0.08281147	-0.01272864	-0.01272864	-0.01272864	-1.8e-06	0.0	bc1001	dGTP
dGTP##bc1001##Metabolite	0.08281147	0.01272864	0.01272864	0.01272864	1.8e-06	0.0	dGTP	bc1001
bc1001##ddca##Microbe	-0.30463381	-0.04682413	-0.04682413	-0.04682413	-6.62e-06	0.0	bc1001	ddca
ddca##bc1001##Metabolite	0.30463381	0.04682413	0.04682413	0.04682413	6.62e-06	0.0	ddca	bc1001
bc1001##fe3##Microbe	-0.03438887	-0.00528579	-0.00528579	-0.00528579	-7.5e-07	0.0	bc1001	fe3
fe3##bc1001##Metabolite	0.03438887	0.00528579	0.00528579	0.00528579	7.5e-07	0.0	fe3	bc1001
bc1001##meso-2,6-Diaminopimelate##Microbe	-0.10216647	-0.01570363	-0.01570363	-0.01570363	-2.22e-06	0.0	bc1001	meso-2,6-Diaminopimelate
meso-2,6-Diaminopimelate##bc1001##Metabolite	0.10216647	0.01570363	0.01570363	0.01570363	2.22e-06	0.0	meso-2,6-Diaminopimelate	bc1001
bc1008##1,2-Diacyl-sn-glycerol dioctadecanoyl##Microbe	-0.25883624	-0.01651998	-0.01651998	-0.01651998	-2.29e-06	0.0	bc1008	1,2-Diacyl-sn-glycerol dioctadecanoyl
1,2-Diacyl-sn-glycerol dioctadecanoyl##bc1008##Metabolite	0.25883624	0.01651998	0.01651998	0.01651998	2.29e-06	0.0	1,2-Diacyl-sn-glycerol dioctadecanoyl	bc1008
bc1008##2-Oxoglutarate##Microbe	-0.01166042	-0.00074422	-0.00074422	-0.00074422	-1e-07	0.0	bc1008	2-Oxoglutarate
2-Oxoglutarate##bc1008##Metabolite	0.01166042	0.00074422	0.00074422	0.00074422	1e-07	0.0	2-Oxoglutarate	bc1008
bc1008##4-Hydroxybenzoate##Microbe	-0.00583021	-0.00037211	-0.00037211	-0.00037211	-5e-08	0.0	bc1008	4-Hydroxybenzoate
4-Hydroxybenzoate##bc1008##Metabolite	0.00583021	0.00037211	0.00037211	0.00037211	5e-08	0.0	4-Hydroxybenzoate	bc1008
bc1008##5-Aminolevulinate##Microbe	-0.04664168	-0.00297686	-0.00297686	-0.00297686	-4.1e-07	0.0	bc1008	5-Aminolevulinate
5-Aminolevulinate##bc1008##Metabolite	0.04664168	0.00297686	0.00297686	0.00297686	4.1e-07	0.0	5-Aminolevulinate	bc1008
bc1008##AMP##Microbe	-0.22016107	-0.01405157	-0.01405157	-0.01405157	-1.95e-06	0.0	bc1008	AMP
AMP##bc1008##Metabolite	0.22016107	0.01405157	0.01405157	0.01405157	1.95e-06	0.0	AMP	bc1008
bc1008##Acetate##Microbe	54.11639084	3.45392758	3.45392758	3.45392758	0.00047832	-7e-08	bc1008	Acetate
bc1008##BET##Microbe	-0.01166042	-0.00074422	-0.00074422	-0.00074422	-1e-07	0.0	bc1008	BET
BET##bc1008##Metabolite	0.01166042	0.00074422	0.00074422	0.00074422	1e-07	0.0	BET	bc1008
bc1008##BIOT##Microbe	-0.00583021	-0.00037211	-0.00037211	-0.00037211	-5e-08	0.0	bc1008	BIOT
BIOT##bc1008##Metabolite	0.00583021	0.00037211	0.00037211	0.00037211	5e-08	0.0	BIOT	bc1008
bc1008##CMP##Microbe	-0.04946785	-0.00315724	-0.00315724	-0.00315724	-4.4e-07	0.0	bc1008	CMP
CMP##bc1008##Metabolite	0.04946785	0.00315724	0.00315724	0.00315724	4.4e-07	0.0	CMP	bc1008
bc1008##CO2##Microbe	1.08057428	0.06896663	0.06896663	0.06896663	9.55e-06	0.0	bc1008	CO2
bc1008##Ca2+##Microbe	-0.00583021	-0.00037211	-0.00037211	-0.00037211	-5e-08	0.0	bc1008	Ca2+
Ca2+##bc1008##Metabolite	0.00583021	0.00037211	0.00037211	0.00037211	5e-08	0.0	Ca2+	bc1008
bc1008##Chitobiose##Microbe	-0.10684154	-0.00681906	-0.00681906	-0.00681906	-9.4e-07	0.0	bc1008	Chitobiose
Chitobiose##bc1008##Metabolite	0.10684154	0.00681906	0.00681906	0.00681906	9.4e-07	0.0	Chitobiose	bc1008
bc1008##Chorismate##Microbe	-0.01166042	-0.00074422	-0.00074422	-0.00074422	-1e-07	0.0	bc1008	Chorismate
Chorismate##bc1008##Metabolite	0.01166042	0.00074422	0.00074422	0.00074422	1e-07	0.0	Chorismate	bc1008
bc1008##Citrate##Microbe	-0.25981608	-0.01658252	-0.01658252	-0.01658252	-2.3e-06	0.0	bc1008	Citrate
Citrate##bc1008##Metabolite	0.25981608	0.01658252	0.01658252	0.01658252	2.3e-06	0.0	Citrate	bc1008
bc1008##Cl-##Microbe	-0.00583021	-0.00037211	-0.00037211	-0.00037211	-5e-08	0.0	bc1008	Cl-
Cl-##bc1008##Metabolite	0.00583021	0.00037211	0.00037211	0.00037211	5e-08	0.0	Cl-	bc1008
bc1008##Co2+##Microbe	-0.00583021	-0.00037211	-0.00037211	-0.00037211	-5e-08	0.0	bc1008	Co2+
Co2+##bc1008##Metabolite	0.00583021	0.00037211	0.00037211	0.00037211	5e-08	0.0	Co2+	bc1008
bc1008##CoA##Microbe	-0.01166042	-0.00074422	-0.00074422	-0.00074422	-1e-07	0.0	bc1008	CoA
CoA##bc1008##Metabolite	0.01166042	0.00074422	0.00074422	0.00074422	1e-07	0.0	CoA	bc1008
bc1008##Cu2+##Microbe	-0.00583021	-0.00037211	-0.00037211	-0.00037211	-5e-08	0.0	bc1008	Cu2+
Cu2+##bc1008##Metabolite	0.00583021	0.00037211	0.00037211	0.00037211	5e-08	0.0	Cu2+	bc1008
bc1008##Cytidine##Microbe	-0.12526985	-0.00799523	-0.00799523	-0.00799523	-1.11e-06	0.0	bc1008	Cytidine
Cytidine##bc1008##Metabolite	0.12526985	0.00799523	0.00799523	0.00799523	1.11e-06	0.0	Cytidine	bc1008
bc1008##D-Alanine##Microbe	-0.10392643	-0.00663301	-0.00663301	-0.00663301	-9.2e-07	0.0	bc1008	D-Alanine
D-Alanine##bc1008##Metabolite	0.10392643	0.00663301	0.00663301	0.00663301	9.2e-07	0.0	D-Alanine	bc1008
bc1008##D-Arabinose##Microbe	-0.15588965	-0.00994951	-0.00994951	-0.00994951	-1.38e-06	0.0	bc1008	D-Arabinose
D-Arabinose##bc1008##Metabolite	0.15588965	0.00994951	0.00994951	0.00994951	1.38e-06	0.0	D-Arabinose	bc1008
bc1008##D-Glucose##Microbe	-36.16238418	-2.30803005	-2.30803005	-2.30803005	-0.00031963	4e-08	bc1008	D-Glucose
D-Glucose##bc1008##Metabolite	36.16238418	2.30803005	2.30803005	2.30803005	0.00031963	0.0	D-Glucose	bc1008
bc1008##Deoxycytidine##Microbe	-0.02509766	-0.00160183	-0.00160183	-0.00160183	-2.2e-07	0.0	bc1008	Deoxycytidine
Deoxycytidine##bc1008##Metabolite	0.02509766	0.00160183	0.00160183	0.00160183	2.2e-07	0.0	Deoxycytidine	bc1008
bc1008##Folate##Microbe	-0.01749063	-0.00111632	-0.00111632	-0.00111632	-1.5e-07	0.0	bc1008	Folate
Folate##bc1008##Metabolite	0.01749063	0.00111632	0.00111632	0.00111632	1.5e-07	0.0	Folate	bc1008
bc1008##Formate##Microbe	-0.00583021	-0.00037211	-0.00037211	-0.00037211	-5e-08	0.0	bc1008	Formate
Formate##bc1008##Metabolite	0.00583021	0.00037211	0.00037211	0.00037211	5e-08	0.0	Formate	bc1008
bc1008##Fumarate##Microbe	-0.12458651	-0.00795162	-0.00795162	-0.00795162	-1.1e-06	0.0	bc1008	Fumarate
Fumarate##bc1008##Metabolite	0.12458651	0.00795162	0.00795162	0.00795162	1.1e-06	0.0	Fumarate	bc1008
bc1008##GTP##Microbe	-0.28715791	-0.01832758	-0.01832758	-0.01832758	-2.54e-06	0.0	bc1008	GTP
GTP##bc1008##Metabolite	0.28715791	0.01832758	0.01832758	0.01832758	2.54e-06	0.0	GTP	bc1008
bc1008##Glucose-1-phosphate##Microbe	-0.1367535	-0.00872816	-0.00872816	-0.00872816	-1.21e-06	0.0	bc1008	Glucose-1-phosphate
Glucose-1-phosphate##bc1008##Metabolite	0.1367535	0.00872816	0.00872816	0.00872816	1.21e-06	0.0	Glucose-1-phosphate	bc1008
bc1008##Glycerol##Microbe	-0.12941812	-0.00825999	-0.00825999	-0.00825999	-1.14e-06	0.0	bc1008	Glycerol
Glycerol##bc1008##Metabolite	0.12941812	0.00825999	0.00825999	0.00825999	1.14e-06	0.0	Glycerol	bc1008
bc1008##Glycine##Microbe	-1.04183925	-0.06649441	-0.06649441	-0.06649441	-9.21e-06	0.0	bc1008	Glycine
Glycine##bc1008##Metabolite	1.04183925	0.06649441	0.06649441	0.06649441	9.21e-06	0.0	Glycine	bc1008
bc1008##H+##Microbe	87.8273895	5.60550026	5.60550026	5.60550026	0.00077629	-1.1e-07	bc1008	H+
bc1008##H2O##Microbe	12.55830456	0.80152194	0.80152194	0.80152194	0.000111	-2e-08	bc1008	H2O
bc1008##Heme##Microbe	-0.00583021	-0.00037211	-0.00037211	-0.00037211	-5e-08	0.0	bc1008	Heme
Heme##bc1008##Metabolite	0.00583021	0.00037211	0.00037211	0.00037211	5e-08	0.0	Heme	bc1008
bc1008##K+##Microbe	-0.00583021	-0.00037211	-0.00037211	-0.00037211	-5e-08	0.0	bc1008	K+
K+##bc1008##Metabolite	0.00583021	0.00037211	0.00037211	0.00037211	5e-08	0.0	K+	bc1008
bc1008##L-Alanine##Microbe	-0.94106017	-0.06006228	-0.06006228	-0.06006228	-8.32e-06	0.0	bc1008	L-Alanine
L-Alanine##bc1008##Metabolite	0.94106017	0.06006228	0.06006228	0.06006228	8.32e-06	0.0	L-Alanine	bc1008
bc1008##L-Arginine##Microbe	-0.51254913	-0.03271296	-0.03271296	-0.03271296	-4.53e-06	0.0	bc1008	L-Arginine
L-Arginine##bc1008##Metabolite	0.51254913	0.03271296	0.03271296	0.03271296	4.53e-06	0.0	L-Arginine	bc1008
bc1008##L-Asparagine##Microbe	-0.4172557	-0.02663095	-0.02663095	-0.02663095	-3.69e-06	0.0	bc1008	L-Asparagine
L-Asparagine##bc1008##Metabolite	0.4172557	0.02663095	0.02663095	0.02663095	3.69e-06	0.0	L-Asparagine	bc1008
bc1008##L-Aspartate##Microbe	-0.4172557	-0.02663095	-0.02663095	-0.02663095	-3.69e-06	0.0	bc1008	L-Aspartate
L-Aspartate##bc1008##Metabolite	0.4172557	0.02663095	0.02663095	0.02663095	3.69e-06	0.0	L-Aspartate	bc1008
bc1008##L-Cysteine##Microbe	-0.1582056	-0.01009732	-0.01009732	-0.01009732	-1.4e-06	0.0	bc1008	L-Cysteine
L-Cysteine##bc1008##Metabolite	0.1582056	0.01009732	0.01009732	0.01009732	1.4e-06	0.0	L-Cysteine	bc1008
bc1008##L-Glutamate##Microbe	-0.50715125	-0.03236845	-0.03236845	-0.03236845	-4.48e-06	0.0	bc1008	L-Glutamate
L-Glutamate##bc1008##Metabolite	0.50715125	0.03236845	0.03236845	0.03236845	4.48e-06	0.0	L-Glutamate	bc1008
bc1008##L-Glutamine##Microbe	-0.45518804	-0.02905195	-0.02905195	-0.02905195	-4.02e-06	0.0	bc1008	L-Glutamine
L-Glutamine##bc1008##Metabolite	0.45518804	0.02905195	0.02905195	0.02905195	4.02e-06	0.0	L-Glutamine	bc1008
bc1008##L-Histidine##Microbe	-0.16468185	-0.01051066	-0.01051066	-0.01051066	-1.46e-06	0.0	bc1008	L-Histidine
L-Histidine##bc1008##Metabolite	0.16468185	0.01051066	0.01051066	0.01051066	1.46e-06	0.0	L-Histidine	bc1008
bc1008##L-Isoleucine##Microbe	-0.50237216	-0.03206343	-0.03206343	-0.03206343	-4.44e-06	0.0	bc1008	L-Isoleucine
L-Isoleucine##bc1008##Metabolite	0.50237216	0.03206343	0.03206343	0.03206343	4.44e-06	0.0	L-Isoleucine	bc1008
bc1008##L-Lactate##Microbe	36.14121753	2.30667911	2.30667911	2.30667911	0.00031944	-4e-08	bc1008	L-Lactate
bc1008##L-Leucine##Microbe	-0.77992584	-0.04977803	-0.04977803	-0.04977803	-6.89e-06	0.0	bc1008	L-Leucine
L-Leucine##bc1008##Metabolite	0.77992584	0.04977803	0.04977803	0.04977803	6.89e-06	0.0	L-Leucine	bc1008
bc1008##L-Lysine##Microbe	-0.5930397	-0.0378502	-0.0378502	-0.0378502	-5.24e-06	0.0	bc1008	L-Lysine
L-Lysine##bc1008##Metabolite	0.5930397	0.0378502	0.0378502	0.0378502	5.24e-06	0.0	L-Lysine	bc1008
bc1008##L-Methionine##Microbe	-0.26552635	-0.01694697	-0.01694697	-0.01694697	-2.35e-06	0.0	bc1008	L-Methionine
L-Methionine##bc1008##Metabolite	0.26552635	0.01694697	0.01694697	0.01694697	2.35e-06	0.0	L-Methionine	bc1008
bc1008##L-Phenylalanine##Microbe	-0.32103709	-0.02048989	-0.02048989	-0.02048989	-2.84e-06	0.0	bc1008	L-Phenylalanine
L-Phenylalanine##bc1008##Metabolite	0.32103709	0.02048989	0.02048989	0.02048989	2.84e-06	0.0	L-Phenylalanine	bc1008
bc1008##L-Proline##Microbe	-0.38302408	-0.02444615	-0.02444615	-0.02444615	-3.39e-06	0.0	bc1008	L-Proline
L-Proline##bc1008##Metabolite	0.38302408	0.02444615	0.02444615	0.02444615	3.39e-06	0.0	L-Proline	bc1008
bc1008##L-Serine##Microbe	-0.44338638	-0.02829872	-0.02829872	-0.02829872	-3.92e-06	0.0	bc1008	L-Serine
L-Serine##bc1008##Metabolite	0.44338638	0.02829872	0.02829872	0.02829872	3.92e-06	0.0	L-Serine	bc1008
bc1008##L-Threonine##Microbe	-0.43853482	-0.02798907	-0.02798907	-0.02798907	-3.88e-06	0.0	bc1008	L-Threonine
L-Threonine##bc1008##Metabolite	0.43853482	0.02798907	0.02798907	0.02798907	3.88e-06	0.0	L-Threonine	bc1008
bc1008##L-Tryptophan##Microbe	-0.09806897	-0.00625916	-0.00625916	-0.00625916	-8.7e-07	0.0	bc1008	L-Tryptophan
L-Tryptophan##bc1008##Metabolite	0.09806897	0.00625916	0.00625916	0.00625916	8.7e-07	0.0	L-Tryptophan	bc1008
bc1008##L-Tyrosine##Microbe	-0.25072349	-0.01600219	-0.01600219	-0.01600219	-2.22e-06	0.0	bc1008	L-Tyrosine
L-Tyrosine##bc1008##Metabolite	0.25072349	0.01600219	0.01600219	0.01600219	2.22e-06	0.0	L-Tyrosine	bc1008
bc1008##L-Valine##Microbe	-0.73181654	-0.0467075	-0.0467075	-0.0467075	-6.47e-06	0.0	bc1008	L-Valine
L-Valine##bc1008##Metabolite	0.73181654	0.0467075	0.0467075	0.0467075	6.47e-06	0.0	L-Valine	bc1008
bc1008##Mg##Microbe	-0.00583021	-0.00037211	-0.00037211	-0.00037211	-5e-08	0.0	bc1008	Mg
Mg##bc1008##Metabolite	0.00583021	0.00037211	0.00037211	0.00037211	5e-08	0.0	Mg	bc1008
bc1008##Mn2+##Microbe	-0.00583021	-0.00037211	-0.00037211	-0.00037211	-5e-08	0.0	bc1008	Mn2+
Mn2+##bc1008##Metabolite	0.00583021	0.00037211	0.00037211	0.00037211	5e-08	0.0	Mn2+	bc1008
bc1008##Myristic acid##Microbe	-0.21368307	-0.01363812	-0.01363812	-0.01363812	-1.89e-06	0.0	bc1008	Myristic acid
Myristic acid##bc1008##Metabolite	0.21368307	0.01363812	0.01363812	0.01363812	1.89e-06	0.0	Myristic acid	bc1008
bc1008##NADP##Microbe	-0.01749063	-0.00111632	-0.00111632	-0.00111632	-1.5e-07	0.0	bc1008	NADP
NADP##bc1008##Metabolite	0.01749063	0.00111632	0.00111632	0.00111632	1.5e-07	0.0	NADP	bc1008
bc1008##NH3##Microbe	0.02915105	0.00186054	0.00186054	0.00186054	2.6e-07	0.0	bc1008	NH3
bc1008##Niacin##Microbe	0.00583021	0.00037211	0.00037211	0.00037211	5e-08	0.0	bc1008	Niacin
bc1008##O2##Microbe	-0.74836031	-0.04776339	-0.04776339	-0.04776339	-6.61e-06	0.0	bc1008	O2
O2##bc1008##Metabolite	0.74836031	0.04776339	0.04776339	0.04776339	6.61e-06	0.0	O2	bc1008
bc1008##Oxidized glutathione##Microbe	-0.00291511	-0.00018605	-0.00018605	-0.00018605	-3e-08	0.0	bc1008	Oxidized glutathione
Oxidized glutathione##bc1008##Metabolite	0.00291511	0.00018605	0.00018605	0.00018605	3e-08	0.0	Oxidized glutathione	bc1008
bc1008##Pimelate##Microbe	-0.01537767	-0.00098147	-0.00098147	-0.00098147	-1.4e-07	0.0	bc1008	Pimelate
Pimelate##bc1008##Metabolite	0.01537767	0.00098147	0.00098147	0.00098147	1.4e-07	0.0	Pimelate	bc1008
bc1008##Putrescine##Microbe	-0.00583021	-0.00037211	-0.00037211	-0.00037211	-5e-08	0.0	bc1008	Putrescine
Putrescine##bc1008##Metabolite	0.00583021	0.00037211	0.00037211	0.00037211	5e-08	0.0	Putrescine	bc1008
bc1008##Pyridoxal##Microbe	-0.00583021	-0.00037211	-0.00037211	-0.00037211	-5e-08	0.0	bc1008	Pyridoxal
Pyridoxal##bc1008##Metabolite	0.00583021	0.00037211	0.00037211	0.00037211	5e-08	0.0	Pyridoxal	bc1008
bc1008##Riboflavin##Microbe	-0.01749063	-0.00111632	-0.00111632	-0.00111632	-1.5e-07	0.0	bc1008	Riboflavin
Riboflavin##bc1008##Metabolite	0.01749063	0.00111632	0.00111632	0.00111632	1.5e-07	0.0	Riboflavin	bc1008
bc1008##S-Adenosyl-L-methionine##Microbe	-0.00583021	-0.00037211	-0.00037211	-0.00037211	-5e-08	0.0	bc1008	S-Adenosyl-L-methionine
S-Adenosyl-L-methionine##bc1008##Metabolite	0.00583021	0.00037211	0.00037211	0.00037211	5e-08	0.0	S-Adenosyl-L-methionine	bc1008
bc1008##Spermidine##Microbe	-0.00583021	-0.00037211	-0.00037211	-0.00037211	-5e-08	0.0	bc1008	Spermidine
Spermidine##bc1008##Metabolite	0.00583021	0.00037211	0.00037211	0.00037211	5e-08	0.0	Spermidine	bc1008
bc1008##Succinate##Microbe	0.12458651	0.00795162	0.00795162	0.00795162	1.1e-06	0.0	bc1008	Succinate
bc1008##Sulfate##Microbe	-0.00583021	-0.00037211	-0.00037211	-0.00037211	-5e-08	0.0	bc1008	Sulfate
Sulfate##bc1008##Metabolite	0.00583021	0.00037211	0.00037211	0.00037211	5e-08	0.0	Sulfate	bc1008
bc1008##TRHL##Microbe	-0.12306258	-0.00785435	-0.00785435	-0.00785435	-1.09e-06	0.0	bc1008	TRHL
TRHL##bc1008##Metabolite	0.12306258	0.00785435	0.00785435	0.00785435	1.09e-06	0.0	TRHL	bc1008
bc1008##TTP##Microbe	-0.04148144	-0.00264751	-0.00264751	-0.00264751	-3.7e-07	0.0	bc1008	TTP
TTP##bc1008##Metabolite	0.04148144	0.00264751	0.00264751	0.00264751	3.7e-07	0.0	TTP	bc1008
bc1008##Thiamin##Microbe	-0.00583021	-0.00037211	-0.00037211	-0.00037211	-5e-08	0.0	bc1008	Thiamin
Thiamin##bc1008##Metabolite	0.00583021	0.00037211	0.00037211	0.00037211	5e-08	0.0	Thiamin	bc1008
bc1008##Uridine##Microbe	-0.19454693	-0.01241677	-0.01241677	-0.01241677	-1.72e-06	0.0	bc1008	Uridine
Uridine##bc1008##Metabolite	0.19454693	0.01241677	0.01241677	0.01241677	1.72e-06	0.0	Uridine	bc1008
bc1008##Zn2+##Microbe	-0.00583021	-0.00037211	-0.00037211	-0.00037211	-5e-08	0.0	bc1008	Zn2+
Zn2+##bc1008##Metabolite	0.00583021	0.00037211	0.00037211	0.00037211	5e-08	0.0	Zn2+	bc1008
bc1008##dATP##Microbe	-0.04439655	-0.00283357	-0.00283357	-0.00283357	-3.9e-07	0.0	bc1008	dATP
dATP##bc1008##Metabolite	0.04439655	0.00283357	0.00283357	0.00283357	3.9e-07	0.0	dATP	bc1008
bc1008##dGTP##Microbe	-0.02509766	-0.00160183	-0.00160183	-0.00160183	-2.2e-07	0.0	bc1008	dGTP
dGTP##bc1008##Metabolite	0.02509766	0.00160183	0.00160183	0.00160183	2.2e-07	0.0	dGTP	bc1008
bc1008##ddca##Microbe	-0.09809622	-0.0062609	-0.0062609	-0.0062609	-8.7e-07	0.0	bc1008	ddca
ddca##bc1008##Metabolite	0.09809622	0.0062609	0.0062609	0.0062609	8.7e-07	0.0	ddca	bc1008
bc1008##fe3##Microbe	-0.01749063	-0.00111632	-0.00111632	-0.00111632	-1.5e-07	0.0	bc1008	fe3
fe3##bc1008##Metabolite	0.01749063	0.00111632	0.00111632	0.00111632	1.5e-07	0.0	fe3	bc1008
bc1008##hexadecenoate##Microbe	-0.23434315	-0.01495673	-0.01495673	-0.01495673	-2.07e-06	0.0	bc1008	hexadecenoate
hexadecenoate##bc1008##Metabolite	0.23434315	0.01495673	0.01495673	0.01495673	2.07e-06	0.0	hexadecenoate	bc1008
bc1008##meso-2,6-Diaminopimelate##Microbe	-0.05196322	-0.0033165	-0.0033165	-0.0033165	-4.6e-07	0.0	bc1008	meso-2,6-Diaminopimelate
meso-2,6-Diaminopimelate##bc1008##Metabolite	0.05196322	0.0033165	0.0033165	0.0033165	4.6e-07	0.0	meso-2,6-Diaminopimelate	bc1008
bc1002##1,2-Diacyl-sn-glycerol dioctadecanoyl##Microbe	-0.51070664	-0.07788555	-0.07788555	-0.07788555	-1.079e-05	0.0	bc1002	1,2-Diacyl-sn-glycerol dioctadecanoyl
1,2-Diacyl-sn-glycerol dioctadecanoyl##bc1002##Metabolite	0.51070664	0.07788555	0.07788555	0.07788555	1.079e-05	0.0	1,2-Diacyl-sn-glycerol dioctadecanoyl	bc1002
bc1002##4-Hydroxybenzoate##Microbe	-0.01150352	-0.00175435	-0.00175435	-0.00175435	-2.4e-07	0.0	bc1002	4-Hydroxybenzoate
4-Hydroxybenzoate##bc1002##Metabolite	0.01150352	0.00175435	0.00175435	0.00175435	2.4e-07	0.0	4-Hydroxybenzoate	bc1002
bc1002##5-Aminolevulinate##Microbe	-0.09202814	-0.01403479	-0.01403479	-0.01403479	-1.94e-06	0.0	bc1002	5-Aminolevulinate
5-Aminolevulinate##bc1002##Metabolite	0.09202814	0.01403479	0.01403479	0.01403479	1.94e-06	0.0	5-Aminolevulinate	bc1002
bc1002##AMP##Microbe	-0.44014889	-0.06712511	-0.06712511	-0.06712511	-9.3e-06	0.0	bc1002	AMP
AMP##bc1002##Metabolite	0.44014889	0.06712511	0.06712511	0.06712511	9.3e-06	0.0	AMP	bc1002
bc1002##Acetate##Microbe	23.39545205	3.56793418	3.56793418	3.56793418	0.00049411	-7e-08	bc1002	Acetate
bc1002##Ala-Ala##Microbe	-0.10252799	-0.01563608	-0.01563608	-0.01563608	-2.17e-06	0.0	bc1002	Ala-Ala
Ala-Ala##bc1002##Metabolite	0.10252799	0.01563608	0.01563608	0.01563608	2.17e-06	0.0	Ala-Ala	bc1002
bc1002##BET##Microbe	-0.02300704	-0.0035087	-0.0035087	-0.0035087	-4.9e-07	0.0	bc1002	BET
BET##bc1002##Metabolite	0.02300704	0.0035087	0.0035087	0.0035087	4.9e-07	0.0	BET	bc1002
bc1002##BIOT##Microbe	-0.01150352	-0.00175435	-0.00175435	-0.00175435	-2.4e-07	0.0	bc1002	BIOT
BIOT##bc1002##Metabolite	0.01150352	0.00175435	0.00175435	0.00175435	2.4e-07	0.0	BIOT	bc1002
bc1002##CMP##Microbe	-0.34477283	-0.05257974	-0.05257974	-0.05257974	-7.28e-06	0.0	bc1002	CMP
CMP##bc1002##Metabolite	0.34477283	0.05257974	0.05257974	0.05257974	7.28e-06	0.0	CMP	bc1002
bc1002##CO2##Microbe	29.61595877	4.51659542	4.51659542	4.51659542	0.00062549	-9e-08	bc1002	CO2
bc1002##Ca2+##Microbe	-0.01150352	-0.00175435	-0.00175435	-0.00175435	-2.4e-07	0.0	bc1002	Ca2+
Ca2+##bc1002##Metabolite	0.01150352	0.00175435	0.00175435	0.00175435	2.4e-07	0.0	Ca2+	bc1002
bc1002##Chorismate##Microbe	-0.02300704	-0.0035087	-0.0035087	-0.0035087	-4.9e-07	0.0	bc1002	Chorismate
Chorismate##bc1002##Metabolite	0.02300704	0.0035087	0.0035087	0.0035087	4.9e-07	0.0	Chorismate	bc1002
bc1002##Cl-##Microbe	-0.01150352	-0.00175435	-0.00175435	-0.00175435	-2.4e-07	0.0	bc1002	Cl-
Cl-##bc1002##Metabolite	0.01150352	0.00175435	0.00175435	0.00175435	2.4e-07	0.0	Cl-	bc1002
bc1002##Co2+##Microbe	-0.01150352	-0.00175435	-0.00175435	-0.00175435	-2.4e-07	0.0	bc1002	Co2+
Co2+##bc1002##Metabolite	0.01150352	0.00175435	0.00175435	0.00175435	2.4e-07	0.0	Co2+	bc1002
bc1002##CoA##Microbe	-0.02300704	-0.0035087	-0.0035087	-0.0035087	-4.9e-07	0.0	bc1002	CoA
CoA##bc1002##Metabolite	0.02300704	0.0035087	0.0035087	0.0035087	4.9e-07	0.0	CoA	bc1002
bc1002##Cu2+##Microbe	-0.01150352	-0.00175435	-0.00175435	-0.00175435	-2.4e-07	0.0	bc1002	Cu2+
Cu2+##bc1002##Metabolite	0.01150352	0.00175435	0.00175435	0.00175435	2.4e-07	0.0	Cu2+	bc1002
bc1002##D-Arabinose##Microbe	-0.30758397	-0.04690823	-0.04690823	-0.04690823	-6.5e-06	0.0	bc1002	D-Arabinose
D-Arabinose##bc1002##Metabolite	0.30758397	0.04690823	0.04690823	0.04690823	6.5e-06	0.0	D-Arabinose	bc1002
bc1002##D-Glucose##Microbe	-15.13408138	-2.30803005	-2.30803005	-2.30803005	-0.00031963	4e-08	bc1002	D-Glucose
D-Glucose##bc1002##Metabolite	15.13408138	2.30803005	2.30803005	2.30803005	0.00031963	0.0	D-Glucose	bc1002
bc1002##Deoxycytidine##Microbe	-0.09198615	-0.01402839	-0.01402839	-0.01402839	-1.94e-06	0.0	bc1002	Deoxycytidine
Deoxycytidine##bc1002##Metabolite	0.09198615	0.01402839	0.01402839	0.01402839	1.94e-06	0.0	Deoxycytidine	bc1002
bc1002##Deoxyguanosine##Microbe	-0.01150352	-0.00175435	-0.00175435	-0.00175435	-2.4e-07	0.0	bc1002	Deoxyguanosine
Deoxyguanosine##bc1002##Metabolite	0.01150352	0.00175435	0.00175435	0.00175435	2.4e-07	0.0	Deoxyguanosine	bc1002
bc1002##Folate##Microbe	-0.03451055	-0.00526305	-0.00526305	-0.00526305	-7.3e-07	0.0	bc1002	Folate
Folate##bc1002##Metabolite	0.03451055	0.00526305	0.00526305	0.00526305	7.3e-07	0.0	Folate	bc1002
bc1002##GTP##Microbe	-0.55508426	-0.08465338	-0.08465338	-0.08465338	-1.172e-05	0.0	bc1002	GTP
GTP##bc1002##Metabolite	0.55508426	0.08465338	0.08465338	0.08465338	1.172e-05	0.0	GTP	bc1002
bc1002##Glycerol##Microbe	-0.25535332	-0.03894278	-0.03894278	-0.03894278	-5.39e-06	0.0	bc1002	Glycerol
Glycerol##bc1002##Metabolite	0.25535332	0.03894278	0.03894278	0.03894278	5.39e-06	0.0	Glycerol	bc1002
bc1002##Glycine##Microbe	-2.04413685	-0.31174203	-0.31174203	-0.31174203	-4.317e-05	1e-08	bc1002	Glycine
Glycine##bc1002##Metabolite	2.04413685	0.31174203	0.31174203	0.31174203	4.317e-05	0.0	Glycine	bc1002
bc1002##H+##Microbe	20.9307434	3.19205266	3.19205266	3.19205266	0.00044206	-6e-08	bc1002	H+
bc1002##H2O##Microbe	54.56013166	8.32071799	8.32071799	8.32071799	0.00115231	-1.6e-07	bc1002	H2O
bc1002##Heme##Microbe	-0.01150352	-0.00175435	-0.00175435	-0.00175435	-2.4e-07	0.0	bc1002	Heme
Heme##bc1002##Metabolite	0.01150352	0.00175435	0.00175435	0.00175435	2.4e-07	0.0	Heme	bc1002
bc1002##K+##Microbe	-0.01150352	-0.00175435	-0.00175435	-0.00175435	-2.4e-07	0.0	bc1002	K+
K+##bc1002##Metabolite	0.01150352	0.00175435	0.00175435	0.00175435	2.4e-07	0.0	K+	bc1002
bc1002##L-Alanine##Microbe	-1.85679439	-0.28317128	-0.28317128	-0.28317128	-3.922e-05	1e-08	bc1002	L-Alanine
L-Alanine##bc1002##Metabolite	1.85679439	0.28317128	0.28317128	0.28317128	3.922e-05	0.0	L-Alanine	bc1002
bc1002##L-Arginine##Microbe	-1.01130446	-0.15422945	-0.15422945	-0.15422945	-2.136e-05	0.0	bc1002	L-Arginine
L-Arginine##bc1002##Metabolite	1.01130446	0.15422945	0.15422945	0.15422945	2.136e-05	0.0	L-Arginine	bc1002
bc1002##L-Asparagine##Microbe	-0.82328215	-0.12555502	-0.12555502	-0.12555502	-1.739e-05	0.0	bc1002	L-Asparagine
L-Asparagine##bc1002##Metabolite	0.82328215	0.12555502	0.12555502	0.12555502	1.739e-05	0.0	L-Asparagine	bc1002
bc1002##L-Aspartate##Microbe	-0.82328215	-0.12555502	-0.12555502	-0.12555502	-1.739e-05	0.0	bc1002	L-Aspartate
L-Aspartate##bc1002##Metabolite	0.82328215	0.12555502	0.12555502	0.12555502	1.739e-05	0.0	L-Aspartate	bc1002
bc1002##L-Cysteine##Microbe	-0.31215354	-0.04760512	-0.04760512	-0.04760512	-6.59e-06	0.0	bc1002	L-Cysteine
L-Cysteine##bc1002##Metabolite	0.31215354	0.04760512	0.04760512	0.04760512	6.59e-06	0.0	L-Cysteine	bc1002
bc1002##L-Glutamate##Microbe	-0.62505257	-0.09532393	-0.09532393	-0.09532393	-1.32e-05	0.0	bc1002	L-Glutamate
L-Glutamate##bc1002##Metabolite	0.62505257	0.09532393	0.09532393	0.09532393	1.32e-05	0.0	L-Glutamate	bc1002
bc1002##L-Glutamine##Microbe	-1.29673442	-0.19775908	-0.19775908	-0.19775908	-2.739e-05	0.0	bc1002	L-Glutamine
L-Glutamine##bc1002##Metabolite	1.29673442	0.19775908	0.19775908	0.19775908	2.739e-05	0.0	L-Glutamine	bc1002
bc1002##L-Histidine##Microbe	-0.32493176	-0.04955387	-0.04955387	-0.04955387	-6.86e-06	0.0	bc1002	L-Histidine
L-Histidine##bc1002##Metabolite	0.32493176	0.04955387	0.04955387	0.04955387	6.86e-06	0.0	L-Histidine	bc1002
bc1002##L-Isoleucine##Microbe	-0.99122441	-0.15116713	-0.15116713	-0.15116713	-2.093e-05	0.0	bc1002	L-Isoleucine
L-Isoleucine##bc1002##Metabolite	0.99122441	0.15116713	0.15116713	0.15116713	2.093e-05	0.0	L-Isoleucine	bc1002
bc1002##L-Leucine##Microbe	-1.5388622	-0.23468489	-0.23468489	-0.23468489	-3.25e-05	0.0	bc1002	L-Leucine
L-Leucine##bc1002##Metabolite	1.5388622	0.23468489	0.23468489	0.23468489	3.25e-05	0.0	L-Leucine	bc1002
bc1002##L-Lysine##Microbe	-1.17011942	-0.1784496	-0.1784496	-0.1784496	-2.471e-05	0.0	bc1002	L-Lysine
L-Lysine##bc1002##Metabolite	1.17011942	0.1784496	0.1784496	0.1784496	2.471e-05	0.0	L-Lysine	bc1002
bc1002##L-Methionine##Microbe	-0.50089979	-0.07638995	-0.07638995	-0.07638995	-1.058e-05	0.0	bc1002	L-Methionine
L-Methionine##bc1002##Metabolite	0.50089979	0.07638995	0.07638995	0.07638995	1.058e-05	0.0	L-Methionine	bc1002
bc1002##L-Phenylalanine##Microbe	-0.63343438	-0.0966022	-0.0966022	-0.0966022	-1.338e-05	0.0	bc1002	L-Phenylalanine
L-Phenylalanine##bc1002##Metabolite	0.63343438	0.0966022	0.0966022	0.0966022	1.338e-05	0.0	L-Phenylalanine	bc1002
bc1002##L-Proline##Microbe	-0.75574016	-0.1152545	-0.1152545	-0.1152545	-1.596e-05	0.0	bc1002	L-Proline
L-Proline##bc1002##Metabolite	0.75574016	0.1152545	0.1152545	0.1152545	1.596e-05	0.0	L-Proline	bc1002
bc1002##L-Serine##Microbe	-0.8863438	-0.13517227	-0.13517227	-0.13517227	-1.872e-05	0.0	bc1002	L-Serine
L-Serine##bc1002##Metabolite	0.8863438	0.13517227	0.13517227	0.13517227	1.872e-05	0.0	L-Serine	bc1002
bc1002##L-Threonine##Microbe	-0.86526772	-0.13195805	-0.13195805	-0.13195805	-1.827e-05	0.0	bc1002	L-Threonine
L-Threonine##bc1002##Metabolite	0.86526772	0.13195805	0.13195805	0.13195805	1.827e-05	0.0	L-Threonine	bc1002
bc1002##L-Tryptophan##Microbe	-0.19349869	-0.02950961	-0.02950961	-0.02950961	-4.09e-06	0.0	bc1002	L-Tryptophan
L-Tryptophan##bc1002##Metabolite	0.19349869	0.02950961	0.02950961	0.02950961	4.09e-06	0.0	L-Tryptophan	bc1002
bc1002##L-Tyrosine##Microbe	-0.49469947	-0.07544437	-0.07544437	-0.07544437	-1.045e-05	0.0	bc1002	L-Tyrosine
L-Tyrosine##bc1002##Metabolite	0.49469947	0.07544437	0.07544437	0.07544437	1.045e-05	0.0	L-Tyrosine	bc1002
bc1002##L-Valine##Microbe	-1.44393832	-0.22020848	-0.22020848	-0.22020848	-3.05e-05	0.0	bc1002	L-Valine
L-Valine##bc1002##Metabolite	1.44393832	0.22020848	0.22020848	0.22020848	3.05e-05	0.0	L-Valine	bc1002
bc1002##Mg##Microbe	-0.01150352	-0.00175435	-0.00175435	-0.00175435	-2.4e-07	0.0	bc1002	Mg
Mg##bc1002##Metabolite	0.01150352	0.00175435	0.00175435	0.00175435	2.4e-07	0.0	Mg	bc1002
bc1002##Mn2+##Microbe	-0.01150352	-0.00175435	-0.00175435	-0.00175435	-2.4e-07	0.0	bc1002	Mn2+
Mn2+##bc1002##Metabolite	0.01150352	0.00175435	0.00175435	0.00175435	2.4e-07	0.0	Mn2+	bc1002
bc1002##Myristic acid##Microbe	-0.30945617	-0.04719376	-0.04719376	-0.04719376	-6.54e-06	0.0	bc1002	Myristic acid
Myristic acid##bc1002##Metabolite	0.30945617	0.04719376	0.04719376	0.04719376	6.54e-06	0.0	Myristic acid	bc1002
bc1002##NADP##Microbe	-0.02300704	-0.0035087	-0.0035087	-0.0035087	-4.9e-07	0.0	bc1002	NADP
NADP##bc1002##Metabolite	0.02300704	0.0035087	0.0035087	0.0035087	4.9e-07	0.0	NADP	bc1002
bc1002##Niacin##Microbe	0.01150352	0.00175435	0.00175435	0.00175435	2.4e-07	0.0	bc1002	Niacin
bc1002##Nicotinamide ribonucleotide##Microbe	-0.01150352	-0.00175435	-0.00175435	-0.00175435	-2.4e-07	0.0	bc1002	Nicotinamide ribonucleotide
Nicotinamide ribonucleotide##bc1002##Metabolite	0.01150352	0.00175435	0.00175435	0.00175435	2.4e-07	0.0	Nicotinamide ribonucleotide	bc1002
bc1002##Nitrite##Microbe	0.05751759	0.00877175	0.00877175	0.00877175	1.21e-06	0.0	bc1002	Nitrite
bc1002##O2##Microbe	-26.81078062	-4.08879044	-4.08879044	-4.08879044	-0.00056624	8e-08	bc1002	O2
O2##bc1002##Metabolite	26.81078062	4.08879044	4.08879044	4.08879044	0.00056624	0.0	O2	bc1002
bc1002##Oxidized glutathione##Microbe	-0.00575176	-0.00087717	-0.00087717	-0.00087717	-1.2e-07	0.0	bc1002	Oxidized glutathione
Oxidized glutathione##bc1002##Metabolite	0.00575176	0.00087717	0.00087717	0.00087717	1.2e-07	0.0	Oxidized glutathione	bc1002
bc1002##PPi##Microbe	0.0650469	0.00992001	0.00992001	0.00992001	1.37e-06	0.0	bc1002	PPi
bc1002##Putrescine##Microbe	-0.01150352	-0.00175435	-0.00175435	-0.00175435	-2.4e-07	0.0	bc1002	Putrescine
Putrescine##bc1002##Metabolite	0.01150352	0.00175435	0.00175435	0.00175435	2.4e-07	0.0	Putrescine	bc1002
bc1002##Pyridoxal##Microbe	-0.01150352	-0.00175435	-0.00175435	-0.00175435	-2.4e-07	0.0	bc1002	Pyridoxal
Pyridoxal##bc1002##Metabolite	0.01150352	0.00175435	0.00175435	0.00175435	2.4e-07	0.0	Pyridoxal	bc1002
bc1002##Riboflavin##Microbe	-0.03451055	-0.00526305	-0.00526305	-0.00526305	-7.3e-07	0.0	bc1002	Riboflavin
Riboflavin##bc1002##Metabolite	0.03451055	0.00526305	0.00526305	0.00526305	7.3e-07	0.0	Riboflavin	bc1002
bc1002##S-Adenosyl-L-methionine##Microbe	-0.03451055	-0.00526305	-0.00526305	-0.00526305	-7.3e-07	0.0	bc1002	S-Adenosyl-L-methionine
S-Adenosyl-L-methionine##bc1002##Metabolite	0.03451055	0.00526305	0.00526305	0.00526305	7.3e-07	0.0	S-Adenosyl-L-methionine	bc1002
bc1002##Spermidine##Microbe	-0.01150352	-0.00175435	-0.00175435	-0.00175435	-2.4e-07	0.0	bc1002	Spermidine
Spermidine##bc1002##Metabolite	0.01150352	0.00175435	0.00175435	0.00175435	2.4e-07	0.0	Spermidine	bc1002
bc1002##Sulfate##Microbe	-0.01150352	-0.00175435	-0.00175435	-0.00175435	-2.4e-07	0.0	bc1002	Sulfate
Sulfate##bc1002##Metabolite	0.01150352	0.00175435	0.00175435	0.00175435	2.4e-07	0.0	Sulfate	bc1002
bc1002##TRHL##Microbe	-0.24281328	-0.03703035	-0.03703035	-0.03703035	-5.13e-06	0.0	bc1002	TRHL
TRHL##bc1002##Metabolite	0.24281328	0.03703035	0.03703035	0.03703035	5.13e-06	0.0	TRHL	bc1002
bc1002##TTP##Microbe	-0.03933634	-0.00599901	-0.00599901	-0.00599901	-8.3e-07	0.0	bc1002	TTP
TTP##bc1002##Metabolite	0.03933634	0.00599901	0.00599901	0.00599901	8.3e-07	0.0	TTP	bc1002
bc1002##Thiamin##Microbe	-0.01150352	-0.00175435	-0.00175435	-0.00175435	-2.4e-07	0.0	bc1002	Thiamin
Thiamin##bc1002##Metabolite	0.01150352	0.00175435	0.00175435	0.00175435	2.4e-07	0.0	Thiamin	bc1002
bc1002##UMP##Microbe	-0.38385817	-0.05854047	-0.05854047	-0.05854047	-8.11e-06	0.0	bc1002	UMP
UMP##bc1002##Metabolite	0.38385817	0.05854047	0.05854047	0.05854047	8.11e-06	0.0	UMP	bc1002
bc1002##Zn2+##Microbe	-0.01150352	-0.00175435	-0.00175435	-0.00175435	-2.4e-07	0.0	bc1002	Zn2+
Zn2+##bc1002##Metabolite	0.01150352	0.00175435	0.00175435	0.00175435	2.4e-07	0.0	Zn2+	bc1002
bc1002##dATP##Microbe	-0.03933634	-0.00599901	-0.00599901	-0.00599901	-8.3e-07	0.0	bc1002	dATP
dATP##bc1002##Metabolite	0.03933634	0.00599901	0.00599901	0.00599901	8.3e-07	0.0	dATP	bc1002
bc1002##dGTP##Microbe	-0.08048263	-0.01227404	-0.01227404	-0.01227404	-1.7e-06	0.0	bc1002	dGTP
dGTP##bc1002##Metabolite	0.08048263	0.01227404	0.01227404	0.01227404	1.7e-06	0.0	dGTP	bc1002
bc1002##ddca##Microbe	-0.30571176	-0.04662271	-0.04662271	-0.04662271	-6.46e-06	0.0	bc1002	ddca
ddca##bc1002##Metabolite	0.30571176	0.04662271	0.04662271	0.04662271	6.46e-06	0.0	ddca	bc1002
bc1002##fe3##Microbe	-0.03451055	-0.00526305	-0.00526305	-0.00526305	-7.3e-07	0.0	bc1002	fe3
fe3##bc1002##Metabolite	0.03451055	0.00526305	0.00526305	0.00526305	7.3e-07	0.0	fe3	bc1002
bc1002##meso-2,6-Diaminopimelate##Microbe	-0.10252799	-0.01563608	-0.01563608	-0.01563608	-2.17e-06	0.0	bc1002	meso-2,6-Diaminopimelate
meso-2,6-Diaminopimelate##bc1002##Metabolite	0.10252799	0.01563608	0.01563608	0.01563608	2.17e-06	0.0	meso-2,6-Diaminopimelate	bc1002
Acetate##bc1009##Metabolite	0.0	0.0	0.0	0.0	0.0	7e-08	Acetate	bc1009
CO2##bc1009##Metabolite	0.0	0.0	0.0	0.0	0.0	9e-08	CO2	bc1009
H+##bc1009##Metabolite	0.0	0.0	0.0	0.0	0.0	6e-08	H+	bc1009
H2O##bc1009##Metabolite	0.0	0.0	0.0	0.0	0.0	1.6e-07	H2O	bc1009
Acetate##bc1001##Metabolite	0.0	0.0	0.0	0.0	0.0	7e-08	Acetate	bc1001
CO2##bc1001##Metabolite	0.0	0.0	0.0	0.0	0.0	9e-08	CO2	bc1001
H+##bc1001##Metabolite	0.0	0.0	0.0	0.0	0.0	6e-08	H+	bc1001
H2O##bc1001##Metabolite	0.0	0.0	0.0	0.0	0.0	1.6e-07	H2O	bc1001
Acetate##bc1008##Metabolite	0.0	0.0	0.0	0.0	0.0	7e-08	Acetate	bc1008
H+##bc1008##Metabolite	0.0	0.0	0.0	0.0	0.0	1.1e-07	H+	bc1008
H2O##bc1008##Metabolite	0.0	0.0	0.0	0.0	0.0	2e-08	H2O	bc1008
L-Lactate##bc1008##Metabolite	0.0	0.0	0.0	0.0	0.0	4e-08	L-Lactate	bc1008
Acetate##bc1002##Metabolite	0.0	0.0	0.0	0.0	0.0	7e-08	Acetate	bc1002
CO2##bc1002##Metabolite	0.0	0.0	0.0	0.0	0.0	9e-08	CO2	bc1002
H+##bc1002##Metabolite	0.0	0.0	0.0	0.0	0.0	6e-08	H+	bc1002
H2O##bc1002##Metabolite	0.0	0.0	0.0	0.0	0.0	1.6e-07	H2O	bc1002
