	Source	Target	SourceType	Weight	Cofactor	Match	ABS_Weight	Sign_Weight	ABSRootWeight	SignedRootWeight
0	PAN	Clostridium_innocuum_I46	Metabolite	126.68907411702526	None	-1	126.68907411702526	1.0	11.255624110506945	11.255624110506945
2	Clostridium_innocuum_I46	Phosphate-e0	Microbe	-127.45775495879735	PAN	0	127.45775495879735	-1.0	11.289718993792421	-11.289718993792421
4	Clostridium_innocuum_I46	L-Glutamate-e0	Microbe	-1.0000000000000002	L-Glutamate-e0	1	1.0000000000000002	-1.0	1.0	-1.0
5	Clostridium_innocuum_I46	D-Glucose-e0	Microbe	-1.0000000000000009	D-Glucose-e0	1	1.0000000000000009	-1.0	1.0000000000000004	-1.0000000000000004
6	Clostridium_innocuum_I46	Heme-e0	Microbe	-1.0000000000000022	Heme-e0	1	1.0000000000000022	-1.0	1.000000000000001	-1.000000000000001
7	Clostridium_innocuum_I46	Mn2+-e0	Microbe	-0.9241112603159453	PAN	0	0.9241112603159453	-1.0	0.9613070582888411	-0.9613070582888411
8	Clostridium_innocuum_I46	Zn2+-e0	Microbe	-0.9241112603160406	PAN	0	0.9241112603160406	-1.0	0.9613070582888906	-0.9613070582888906
9	Clostridium_innocuum_I46	L-Aspartate-e0	Microbe	-0.999999999999999	L-Aspartate-e0	1	0.999999999999999	-1.0	0.9999999999999994	-0.9999999999999994
10	Clostridium_innocuum_I46	Sulfate-e0	Microbe	-0.9241112603133802	PAN	0	0.9241112603133802	-1.0	0.961307058287507	-0.961307058287507
17	Clostridium_innocuum_I46	L-Arginine-e0	Microbe	-35.57235834174548	PAN	0	35.57235834174548	-1.0	5.96425673003313	-5.96425673003313
19	Clostridium_innocuum_I46	L-Glutamine-e0	Microbe	1.000000000000704	L-Glutamate-e0	0	1.000000000000704	1.0	1.000000000000352	1.000000000000352
20	Clostridium_innocuum_I46	L-Glutamine-e0	Microbe	8.000000000008722	Heme-e0	0	8.000000000008722	1.0	2.8284271247477317	2.8284271247477317
21	Clostridium_innocuum_I46	L-Glutamine-e0	Microbe	1.000000000000305	Putrescine-e0	0	1.000000000000305	1.0	1.0000000000001525	1.0000000000001525
23	Clostridium_innocuum_I46	L-Glutamine-e0	Microbe	1.0000000000005493	Spermidine-e0	0	1.0000000000005493	1.0	1.0000000000002747	1.0000000000002747
27	Clostridium_innocuum_I46	L-Glutamine-e0	Microbe	1.0000000000006477	Folate-e0	0	1.0000000000006477	1.0	1.0000000000003237	1.0000000000003237
29	Clostridium_innocuum_I46	L-Glutamine-e0	Microbe	-76.04418554065816	PAN	0	76.04418554065816	-1.0	8.720331733406601	-8.720331733406601
32	Clostridium_innocuum_I46	D-Ribose-e0	Microbe	2.000000000012005	Heme-e0	0	2.000000000012005	1.0	1.4142135623773395	1.4142135623773395
34	Clostridium_innocuum_I46	D-Ribose-e0	Microbe	1.0000000000005835	Spermidine-e0	0	1.0000000000005835	1.0	1.0000000000002918	1.0000000000002918
35	Clostridium_innocuum_I46	D-Ribose-e0	Microbe	1.9999999999977995	Thiamin-e0	0	1.9999999999977995	1.0	1.414213562372317	1.414213562372317
43	Clostridium_innocuum_I46	D-Ribose-e0	Microbe	2.999999999998001	Riboflavin	0	2.999999999998001	1.0	1.7320508075683003	1.7320508075683003
44	Clostridium_innocuum_I46	D-Ribose-e0	Microbe	-101.47884223482939	PAN	0	101.47884223482939	-1.0	10.073670742824056	-10.073670742824056
45	Clostridium_innocuum_I46	D-Ribose-e0	Microbe	0.9999999999998321	Inosine	0	0.9999999999998321	1.0	0.9999999999999161	0.9999999999999161
53	Clostridium_innocuum_I46	L-Leucine-e0	Microbe	-64.72644010471251	PAN	0	64.72644010471251	-1.0	8.04527439586199	-8.04527439586199
54	Clostridium_innocuum_I46	Putrescine-e0	Microbe	-0.9999999999999983	Putrescine-e0	1	0.9999999999999983	-1.0	0.9999999999999991	-0.9999999999999991
55	Clostridium_innocuum_I46	L-Histidine-e0	Microbe	-11.393282031169925	PAN	0	11.393282031169925	-1.0	3.3753936112948257	-3.3753936112948257
56	Clostridium_innocuum_I46	L-Proline-e0	Microbe	-26.584324739381014	PAN	0	26.584324739381014	-1.0	5.1559989080081285	-5.1559989080081285
57	Clostridium_innocuum_I46	Co2+-e0	Microbe	-0.9241112603147404	PAN	0	0.9241112603147404	-1.0	0.9613070582882144	-0.9613070582882144
64	Clostridium_innocuum_I46	L-Valine-e0	Microbe	-50.88999307253015	PAN	0	50.88999307253015	-1.0	7.133722245260896	-7.133722245260896
66	Clostridium_innocuum_I46	L-Threonine-e0	Microbe	2.0000000000088614	L-Glutamate-e0	0	2.0000000000088614	1.0	1.414213562376228	1.414213562376228
67	Clostridium_innocuum_I46	L-Threonine-e0	Microbe	4.000000000011937	D-Glucose-e0	0	4.000000000011937	1.0	2.0000000000029843	2.0000000000029843
68	Clostridium_innocuum_I46	L-Threonine-e0	Microbe	28.000000000106304	Heme-e0	0	28.000000000106304	1.0	5.291502622139226	5.291502622139226
69	Clostridium_innocuum_I46	L-Threonine-e0	Microbe	2.000000000007984	L-Aspartate-e0	0	2.000000000007984	1.0	1.4142135623759178	1.4142135623759178
71	Clostridium_innocuum_I46	L-Threonine-e0	Microbe	-5.000000000020583	Thiamin-e0	0	5.000000000020583	-1.0	2.236067977504392	-2.236067977504392
73	Clostridium_innocuum_I46	L-Threonine-e0	Microbe	2.0000000000113807	L-Malate-e0	0	2.0000000000113807	1.0	1.4142135623771188	1.4142135623771188
75	Clostridium_innocuum_I46	L-Threonine-e0	Microbe	2.0000000000099516	Fumarate-e0	0	2.0000000000099516	1.0	1.4142135623766134	1.4142135623766134
78	Clostridium_innocuum_I46	L-Threonine-e0	Microbe	4.000000000017763	D-Mannose-e0	0	4.000000000017763	1.0	2.0000000000044404	2.0000000000044404
79	Clostridium_innocuum_I46	L-Threonine-e0	Microbe	4.0000000000167315	D-Mannitol-e0	0	4.0000000000167315	1.0	2.000000000004183	2.000000000004183
80	Clostridium_innocuum_I46	L-Threonine-e0	Microbe	-1.999999999984233	Succinate-e0	0	1.999999999984233	-1.0	1.4142135623675205	-1.4142135623675205
81	Clostridium_innocuum_I46	L-Threonine-e0	Microbe	8.000000000017339	Sucrose-e0	0	8.000000000017339	1.0	2.8284271247492554	2.8284271247492554
85	Clostridium_innocuum_I46	L-Threonine-e0	Microbe	5.000000000007046	Folate-e0	0	5.000000000007046	1.0	2.2360679775013654	2.2360679775013654
86	Clostridium_innocuum_I46	L-Threonine-e0	Microbe	4.000000000001382	N-Acetyl-D-chondrosamine-e0	0	4.000000000001382	1.0	2.0000000000003455	2.0000000000003455
93	Clostridium_innocuum_I46	L-Threonine-e0	Microbe	-926.1875266394838	PAN	0	926.1875266394838	-1.0	30.433329207293177	-30.433329207293177
97	Clostridium_innocuum_I46	Spermidine-e0	Microbe	-0.9999999999999994	Spermidine-e0	1	0.9999999999999994	-1.0	0.9999999999999997	-0.9999999999999997
98	Clostridium_innocuum_I46	Thiamin-e0	Microbe	-1.0000000000000013	Thiamin-e0	1	1.0000000000000013	-1.0	1.0000000000000007	-1.0000000000000007
100	Clostridium_innocuum_I46	fe3-e0	Microbe	-0.9241112603168823	PAN	0	0.9241112603168823	-1.0	0.9613070582893284	-0.9613070582893284
102	Clostridium_innocuum_I46	H+-e0	Microbe	-0.9999999999979919	L-Glutamate-e0	0	0.9999999999979919	-1.0	0.9999999999989959	-0.9999999999989959
103	Clostridium_innocuum_I46	H+-e0	Microbe	-6.999999999975618	Heme-e0	0	6.999999999975618	-1.0	2.645751311059983	-2.645751311059983
104	Clostridium_innocuum_I46	H+-e0	Microbe	-0.9999999999981222	L-Aspartate-e0	0	0.9999999999981222	-1.0	0.9999999999990611	-0.9999999999990611
105	Clostridium_innocuum_I46	H+-e0	Microbe	2.000000000000776	Putrescine-e0	0	2.000000000000776	1.0	1.4142135623733694	1.4142135623733694
107	Clostridium_innocuum_I46	H+-e0	Microbe	3.0000000000012905	Spermidine-e0	0	3.0000000000012905	1.0	1.7320508075692498	1.7320508075692498
108	Clostridium_innocuum_I46	H+-e0	Microbe	0.9999999999951176	Thiamin-e0	0	0.9999999999951176	1.0	0.9999999999975587	0.9999999999975587
111	Clostridium_innocuum_I46	H+-e0	Microbe	-1.9999999999972828	L-Malate-e0	0	1.9999999999972828	-1.0	1.4142135623721344	-1.4142135623721344
112	Clostridium_innocuum_I46	H+-e0	Microbe	-1.9999999999975937	Fumarate-e0	0	1.9999999999975937	-1.0	1.4142135623722443	-1.4142135623722443
115	Clostridium_innocuum_I46	H+-e0	Microbe	-0.9999999999963127	Succinate-e0	0	0.9999999999963127	-1.0	0.9999999999981564	-0.9999999999981564
119	Clostridium_innocuum_I46	H+-e0	Microbe	-1.9999999999979823	Folate-e0	0	1.9999999999979823	-1.0	1.4142135623723817	-1.4142135623723817
123	Clostridium_innocuum_I46	H+-e0	Microbe	-1.0000000000044866	Riboflavin	0	1.0000000000044866	-1.0	1.0000000000022433	-1.0000000000022433
124	Clostridium_innocuum_I46	H+-e0	Microbe	-220.68110781417124	PAN	0	220.68110781417124	-1.0	14.855339370548599	-14.855339370548599
133	Clostridium_innocuum_I46	Uracil-e0	Microbe	-39.64223087739652	PAN	0	39.64223087739652	-1.0	6.296207658376312	-6.296207658376312
137	Clostridium_innocuum_I46	XAN-e0	Microbe	1.0000000000011013	Folate-e0	0	1.0000000000011013	1.0	1.0000000000005507	1.0000000000005507
138	Clostridium_innocuum_I46	XAN-e0	Microbe	0.999999999998903	Riboflavin	0	0.999999999998903	1.0	0.9999999999994514	0.9999999999994514
139	Clostridium_innocuum_I46	XAN-e0	Microbe	-58.58478561401559	PAN	0	58.58478561401559	-1.0	7.654069872559016	-7.654069872559016
140	Clostridium_innocuum_I46	XAN-e0	Microbe	0.9999999999998851	Inosine	0	0.9999999999998851	1.0	0.9999999999999425	0.9999999999999425
143	Clostridium_innocuum_I46	L-Malate-e0	Microbe	-1.0000000000000024	L-Malate-e0	1	1.0000000000000024	-1.0	1.000000000000001	-1.000000000000001
157	Clostridium_innocuum_I46	L-Alanine-e0	Microbe	-3.0000000000071734	L-Glutamate-e0	0	3.0000000000071734	-1.0	1.732050807570948	-1.732050807570948
158	Clostridium_innocuum_I46	L-Alanine-e0	Microbe	-4.000000000009663	D-Glucose-e0	0	4.000000000009663	-1.0	2.000000000002416	-2.000000000002416
159	Clostridium_innocuum_I46	L-Alanine-e0	Microbe	-40.00000000008598	Heme-e0	0	40.00000000008598	-1.0	6.324555320343556	-6.324555320343556
160	Clostridium_innocuum_I46	L-Alanine-e0	Microbe	-3.0000000000064353	L-Aspartate-e0	0	3.0000000000064353	-1.0	1.732050807570735	-1.732050807570735
162	Clostridium_innocuum_I46	L-Alanine-e0	Microbe	7.000000000016429	Thiamin-e0	0	7.000000000016429	1.0	2.6457513110676953	2.6457513110676953
164	Clostridium_innocuum_I46	L-Alanine-e0	Microbe	-2.00000000000917	L-Malate-e0	0	2.00000000000917	-1.0	1.4142135623763372	-1.4142135623763372
166	Clostridium_innocuum_I46	L-Alanine-e0	Microbe	-2.0000000000079936	Fumarate-e0	0	2.0000000000079936	-1.0	1.414213562375921	-1.414213562375921
169	Clostridium_innocuum_I46	L-Alanine-e0	Microbe	-4.000000000014407	D-Mannose-e0	0	4.000000000014407	-1.0	2.0000000000036016	-2.0000000000036016
170	Clostridium_innocuum_I46	L-Alanine-e0	Microbe	-4.000000000013571	D-Mannitol-e0	0	4.000000000013571	-1.0	2.000000000003393	-2.000000000003393
171	Clostridium_innocuum_I46	L-Alanine-e0	Microbe	1.9999999999871587	Succinate-e0	0	1.9999999999871587	1.0	1.414213562368555	1.414213562368555
172	Clostridium_innocuum_I46	L-Alanine-e0	Microbe	-8.000000000013962	Sucrose-e0	0	8.000000000013962	-1.0	2.828427124748658	-2.828427124748658
176	Clostridium_innocuum_I46	L-Alanine-e0	Microbe	-4.000000000005579	Folate-e0	0	4.000000000005579	-1.0	2.0000000000013944	-2.0000000000013944
177	Clostridium_innocuum_I46	L-Alanine-e0	Microbe	-3.000000000001002	N-Acetyl-D-chondrosamine-e0	0	3.000000000001002	-1.0	1.7320508075691665	-1.7320508075691665
184	Clostridium_innocuum_I46	L-Alanine-e0	Microbe	751.9320636152372	PAN	0	751.9320636152372	1.0	27.421379681103524	27.421379681103524
189	Clostridium_innocuum_I46	L-Methionine-e0	Microbe	1.0000000000001013	Spermidine-e0	0	1.0000000000001013	1.0	1.0000000000000506	1.0000000000000506
194	Clostridium_innocuum_I46	L-Methionine-e0	Microbe	-20.482435295031145	PAN	0	20.482435295031145	-1.0	4.5257524562255	-4.5257524562255
197	Clostridium_innocuum_I46	L-Cysteine-e0	Microbe	0.9999999999996806	Thiamin-e0	0	0.9999999999996806	1.0	0.9999999999998402	0.9999999999998402
202	Clostridium_innocuum_I46	L-Cysteine-e0	Microbe	-13.013505963394019	PAN	0	13.013505963394019	-1.0	3.607423729393876	-3.607423729393876
209	Clostridium_innocuum_I46	N-Acetyl-D-glucosamine-e0	Microbe	-6.992697026084524	PAN	0	6.992697026084524	-1.0	2.6443708185662094	-2.6443708185662094
211	Clostridium_innocuum_I46	L-Asparagine-e0	Microbe	1.0000000000011355	L-Aspartate-e0	0	1.0000000000011355	1.0	1.0000000000005678	1.0000000000005678
217	Clostridium_innocuum_I46	L-Asparagine-e0	Microbe	-129.08740931527166	PAN	0	129.08740931527166	-1.0	11.361664020524092	-11.361664020524092
219	Clostridium_innocuum_I46	Ca2+-e0	Microbe	-0.9241112603138775	PAN	0	0.9241112603138775	-1.0	0.9613070582877655	-0.9613070582877655
226	Clostridium_innocuum_I46	Cu2+-e0	Microbe	-0.9241112603166673	PAN	0	0.9241112603166673	-1.0	0.9613070582892166	-0.9613070582892166
227	Clostridium_innocuum_I46	Fe2+-e0	Microbe	1.000000000000233	Heme-e0	0	1.000000000000233	1.0	1.0000000000001164	1.0000000000001164
228	Clostridium_innocuum_I46	Fe2+-e0	Microbe	-1.9241112603122794	PAN	0	1.9241112603122794	-1.0	1.3871233760240216	-1.3871233760240216
230	Clostridium_innocuum_I46	Fumarate-e0	Microbe	-0.9999999999999996	Fumarate-e0	1	0.9999999999999996	-1.0	0.9999999999999998	-0.9999999999999998
239	Clostridium_innocuum_I46	K+-e0	Microbe	-0.9241112603126641	PAN	0	0.9241112603126641	-1.0	0.9613070582871345	-0.9613070582871345
240	Clostridium_innocuum_I46	D-Mannose-e0	Microbe	-0.9999999999999998	D-Mannose-e0	1	0.9999999999999998	-1.0	0.9999999999999999	-0.9999999999999999
241	Clostridium_innocuum_I46	D-Mannitol-e0	Microbe	-1.0000000000000007	D-Mannitol-e0	1	1.0000000000000007	-1.0	1.0000000000000002	-1.0000000000000002
242	Clostridium_innocuum_I46	Succinate-e0	Microbe	-1.0000000000000004	Succinate-e0	1	1.0000000000000004	-1.0	1.0000000000000002	-1.0000000000000002
243	Clostridium_innocuum_I46	Sucrose-e0	Microbe	-1.0000000000000016	Sucrose-e0	1	1.0000000000000016	-1.0	1.0000000000000007	-1.0000000000000007
245	Clostridium_innocuum_I46	Cl--e0	Microbe	-0.9241112603144621	PAN	0	0.9241112603144621	-1.0	0.9613070582880696	-0.9613070582880696
247	Clostridium_innocuum_I46	Mg-e0	Microbe	-0.9241112603152949	PAN	0	0.9241112603152949	-1.0	0.9613070582885028	-0.9613070582885028
251	Clostridium_innocuum_I46	Folate-e0	Microbe	-1.0000000000000016	Folate-e0	1	1.0000000000000016	-1.0	1.0000000000000007	-1.0000000000000007
253	Clostridium_innocuum_I46	H2O-e0	Microbe	0.9999999999912269	L-Glutamate-e0	0	0.9999999999912269	1.0	0.9999999999956134	0.9999999999956134
254	Clostridium_innocuum_I46	H2O-e0	Microbe	1.9999999999877762	D-Glucose-e0	0	1.9999999999877762	1.0	1.4142135623687733	1.4142135623687733
255	Clostridium_innocuum_I46	H2O-e0	Microbe	-7.00000000010748	Heme-e0	0	7.00000000010748	-1.0	2.6457513110849025	-2.6457513110849025
256	Clostridium_innocuum_I46	H2O-e0	Microbe	0.9999999999919637	L-Aspartate-e0	0	0.9999999999919637	1.0	0.9999999999959818	0.9999999999959818
257	Clostridium_innocuum_I46	H2O-e0	Microbe	0.9999999999966621	Putrescine-e0	0	0.9999999999966621	1.0	0.999999999998331	0.999999999998331
259	Clostridium_innocuum_I46	H2O-e0	Microbe	-8.999999999979293	Thiamin-e0	0	8.999999999979293	-1.0	2.999999999996549	-2.999999999996549
262	Clostridium_innocuum_I46	H2O-e0	Microbe	0.9999999999883318	L-Malate-e0	0	0.9999999999883318	1.0	0.9999999999941659	0.9999999999941659
266	Clostridium_innocuum_I46	H2O-e0	Microbe	1.9999999999818956	D-Mannose-e0	0	1.9999999999818956	1.0	1.4142135623666943	1.4142135623666943
267	Clostridium_innocuum_I46	H2O-e0	Microbe	2.9999999999829834	D-Mannitol-e0	0	2.9999999999829834	1.0	1.7320508075639651	1.7320508075639651
268	Clostridium_innocuum_I46	H2O-e0	Microbe	0.9999999999846925	Succinate-e0	0	0.9999999999846925	1.0	0.9999999999923462	0.9999999999923462
269	Clostridium_innocuum_I46	H2O-e0	Microbe	2.9999999999820606	Sucrose-e0	0	2.9999999999820606	1.0	1.7320508075636987	1.7320508075636987
274	Clostridium_innocuum_I46	H2O-e0	Microbe	-6.00000000000958	Folate-e0	0	6.00000000000958	-1.0	2.4494897427851337	-2.4494897427851337
282	Clostridium_innocuum_I46	H2O-e0	Microbe	-6.999999999981937	Riboflavin	0	6.999999999981937	-1.0	2.645751311061177	-2.645751311061177
283	Clostridium_innocuum_I46	H2O-e0	Microbe	927.7798311734427	PAN	0	927.7798311734427	1.0	30.459478511186674	30.459478511186674
284	Clostridium_innocuum_I46	H2O-e0	Microbe	-0.9999999999988234	Inosine	0	0.9999999999988234	-1.0	0.9999999999994117	-0.9999999999994117
287	Clostridium_innocuum_I46	N-Acetyl-D-chondrosamine-e0	Microbe	-0.9999999999999994	N-Acetyl-D-chondrosamine-e0	1	0.9999999999999994	-1.0	0.9999999999999997	-0.9999999999999997
291	Clostridium_innocuum_I46	CO2-e0	Microbe	1.0000000000008034	L-Glutamate-e0	0	1.0000000000008034	1.0	1.0000000000004017	1.0000000000004017
292	Clostridium_innocuum_I46	CO2-e0	Microbe	2.0000000000008193	D-Glucose-e0	0	2.0000000000008193	1.0	1.4142135623733847	1.4142135623733847
293	Clostridium_innocuum_I46	CO2-e0	Microbe	4.000000000008869	Heme-e0	0	4.000000000008869	1.0	2.0000000000022173	2.0000000000022173
294	Clostridium_innocuum_I46	CO2-e0	Microbe	1.0000000000006626	L-Aspartate-e0	0	1.0000000000006626	1.0	1.0000000000003313	1.0000000000003313
295	Clostridium_innocuum_I46	CO2-e0	Microbe	-0.9999999999995486	Putrescine-e0	0	0.9999999999995486	-1.0	0.9999999999997743	-0.9999999999997743
297	Clostridium_innocuum_I46	CO2-e0	Microbe	-1.9999999999992464	Spermidine-e0	0	1.9999999999992464	-1.0	1.4142135623728287	-1.4142135623728287
298	Clostridium_innocuum_I46	CO2-e0	Microbe	-4.000000000001874	Thiamin-e0	0	4.000000000001874	-1.0	2.0000000000004685	-2.0000000000004685
300	Clostridium_innocuum_I46	CO2-e0	Microbe	2.0000000000008873	L-Malate-e0	0	2.0000000000008873	1.0	1.4142135623734087	1.4142135623734087
302	Clostridium_innocuum_I46	CO2-e0	Microbe	2.0000000000007696	Fumarate-e0	0	2.0000000000007696	1.0	1.4142135623733672	1.4142135623733672
305	Clostridium_innocuum_I46	CO2-e0	Microbe	2.0000000000013554	D-Mannose-e0	0	2.0000000000013554	1.0	1.4142135623735743	1.4142135623735743
306	Clostridium_innocuum_I46	CO2-e0	Microbe	2.000000000001272	D-Mannitol-e0	0	2.000000000001272	1.0	1.4142135623735448	1.4142135623735448
307	Clostridium_innocuum_I46	CO2-e0	Microbe	2.0000000000014997	Succinate-e0	0	2.0000000000014997	1.0	1.4142135623736252	1.4142135623736252
308	Clostridium_innocuum_I46	CO2-e0	Microbe	4.000000000001014	Sucrose-e0	0	4.000000000001014	1.0	2.0000000000002536	2.0000000000002536
311	Clostridium_innocuum_I46	CO2-e0	Microbe	0.9999999999997149	Folate-e0	0	0.9999999999997149	1.0	0.9999999999998574	0.9999999999998574
312	Clostridium_innocuum_I46	CO2-e0	Microbe	0.9999999999998253	N-Acetyl-D-chondrosamine-e0	0	0.9999999999998253	1.0	0.9999999999999126	0.9999999999999126
316	Clostridium_innocuum_I46	CO2-e0	Microbe	-3.0000000000016107	Riboflavin	0	3.0000000000016107	-1.0	1.7320508075693424	-1.7320508075693424
317	Clostridium_innocuum_I46	CO2-e0	Microbe	-83.26442228813501	PAN	0	83.26442228813501	-1.0	9.124934097742022	-9.124934097742022
321	Clostridium_innocuum_I46	O2-e0	Microbe	-1.0000000000049873	L-Glutamate-e0	0	1.0000000000049873	-1.0	1.0000000000024936	-1.0000000000024936
322	Clostridium_innocuum_I46	O2-e0	Microbe	-2.000000000006694	D-Glucose-e0	0	2.000000000006694	-1.0	1.4142135623754617	-1.4142135623754617
323	Clostridium_innocuum_I46	O2-e0	Microbe	-14.500000000060044	Heme-e0	0	14.500000000060044	-1.0	3.8078865529398382	-3.8078865529398382
324	Clostridium_innocuum_I46	O2-e0	Microbe	-1.000000000004508	L-Aspartate-e0	0	1.000000000004508	-1.0	1.000000000002254	-1.000000000002254
325	Clostridium_innocuum_I46	O2-e0	Microbe	-1.0000000000021252	Putrescine-e0	0	1.0000000000021252	-1.0	1.0000000000010625	-1.0000000000010625
327	Clostridium_innocuum_I46	O2-e0	Microbe	-1.0000000000036657	Spermidine-e0	0	1.0000000000036657	-1.0	1.0000000000018328	-1.0000000000018328
328	Clostridium_innocuum_I46	O2-e0	Microbe	2.5000000000115676	Thiamin-e0	0	2.5000000000115676	1.0	1.5811388300878477	1.5811388300878477
331	Clostridium_innocuum_I46	O2-e0	Microbe	-1.0000000000064233	L-Malate-e0	0	1.0000000000064233	-1.0	1.0000000000032117	-1.0000000000032117
333	Clostridium_innocuum_I46	O2-e0	Microbe	-1.000000000005622	Fumarate-e0	0	1.000000000005622	-1.0	1.0000000000028109	-1.0000000000028109
336	Clostridium_innocuum_I46	O2-e0	Microbe	-2.0000000000100067	D-Mannose-e0	0	2.0000000000100067	-1.0	1.414213562376633	-1.414213562376633
337	Clostridium_innocuum_I46	O2-e0	Microbe	-2.500000000009431	D-Mannitol-e0	0	2.500000000009431	-1.0	1.581138830087172	-1.581138830087172
338	Clostridium_innocuum_I46	O2-e0	Microbe	-0.5000000000089472	Succinate-e0	0	0.5000000000089472	-1.0	0.7071067811928742	-0.7071067811928742
339	Clostridium_innocuum_I46	O2-e0	Microbe	-4.000000000009711	Sucrose-e0	0	4.000000000009711	-1.0	2.000000000002428	-2.000000000002428
343	Clostridium_innocuum_I46	O2-e0	Microbe	-1.0000000000040434	Folate-e0	0	1.0000000000040434	-1.0	1.0000000000020217	-1.0000000000020217
344	Clostridium_innocuum_I46	O2-e0	Microbe	-1.0000000000007228	N-Acetyl-D-chondrosamine-e0	0	1.0000000000007228	-1.0	1.0000000000003613	-1.0000000000003613
354	Clostridium_innocuum_I46	O2-e0	Microbe	1.000000000010339	Riboflavin	0	1.000000000010339	1.0	1.0000000000051694	1.0000000000051694
355	Clostridium_innocuum_I46	O2-e0	Microbe	526.5940876482239	PAN	0	526.5940876482239	1.0	22.947637953572126	22.947637953572126
356	Clostridium_innocuum_I46	O2-e0	Microbe	-0.49999999999937284	Inosine	0	0.49999999999937284	-1.0	0.707106781186104	-0.707106781186104
359	Clostridium_innocuum_I46	5-Methylthio-D-ribose-e0	Microbe	-0.9999999999999963	Spermidine-e0	0	0.9999999999999963	-1.0	0.9999999999999981	-0.9999999999999981
360	Clostridium_innocuum_I46	5-Methylthio-D-ribose-e0	Microbe	0.49999999998853994	PAN	0	0.49999999998853994	1.0	0.707106781178444	0.707106781178444
378	Clostridium_innocuum_I46	H2S-e0	Microbe	0.9999999999866774	PAN	0	0.9999999999866774	1.0	0.9999999999933387	0.9999999999933387
384	Clostridium_innocuum_I46	Butyrate-e0	Microbe	-2.999999999995247	Heme-e0	0	2.999999999995247	-1.0	1.7320508075675052	-1.7320508075675052
387	Clostridium_innocuum_I46	Butyrate-e0	Microbe	1.000000000000677	Succinate-e0	0	1.000000000000677	1.0	1.0000000000003384	1.0000000000003384
392	Clostridium_innocuum_I46	Butyrate-e0	Microbe	-40.5681999690587	PAN	0	40.5681999690587	-1.0	6.3693170724229695	-6.3693170724229695
393	Clostridium_innocuum_I46	L-Phenylalanine	Microbe	-22.2801959720509	PAN	0	22.2801959720509	-1.0	4.720190247442459	-4.720190247442459
400	Clostridium_innocuum_I46	L-Tryptophan	Microbe	-6.83596921869591	PAN	0	6.83596921869591	-1.0	2.6145686486867983	-2.6145686486867983
401	Clostridium_innocuum_I46	L-Tyrosine	Microbe	0.9999999999995487	Thiamin-e0	0	0.9999999999995487	1.0	0.9999999999997743	0.9999999999997743
402	Clostridium_innocuum_I46	L-Tyrosine	Microbe	-17.083554956434742	PAN	0	17.083554956434742	-1.0	4.133225732576766	-4.133225732576766
403	Clostridium_innocuum_I46	Riboflavin	Microbe	-1.0000000000000007	Riboflavin	1	1.0000000000000007	-1.0	1.0000000000000002	-1.0000000000000002
404	Clostridium_innocuum_I46	PAN	Microbe	-0.9999999999997583	PAN	1	0.9999999999997583	-1.0	0.9999999999998791	-0.9999999999998791
405	Clostridium_innocuum_I46	Inosine	Microbe	-0.9999999999999991	Inosine	1	0.9999999999999991	-1.0	0.9999999999999996	-0.9999999999999996
409	PAN	Limosilactobacillus_reuteri_I49	Metabolite	96.79614651571939	None	-1	96.79614651571939	1.0	9.83850326603185	9.83850326603185
410	Limosilactobacillus_reuteri_I49	H2O-e0	Microbe	2.000000000017167	D-Glucose-e0	0	2.000000000017167	1.0	1.4142135623791645	1.4142135623791645
411	Limosilactobacillus_reuteri_I49	H2O-e0	Microbe	-19.999999999962817	Heme-e0	0	19.999999999962817	-1.0	4.472135954995422	-4.472135954995422
412	Limosilactobacillus_reuteri_I49	H2O-e0	Microbe	-1.9999999999975737	L-Arginine-e0	0	1.9999999999975737	-1.0	1.4142135623722372	-1.4142135623722372
413	Limosilactobacillus_reuteri_I49	H2O-e0	Microbe	-0.9999999999955758	L-Glutamine-e0	0	0.9999999999955758	-1.0	0.9999999999977879	-0.9999999999977879
414	Limosilactobacillus_reuteri_I49	H2O-e0	Microbe	2.0000000000201252	Galactose-e0	0	2.0000000000201252	1.0	1.4142135623802103	1.4142135623802103
420	Limosilactobacillus_reuteri_I49	H2O-e0	Microbe	1.0000000000089309	L-Malate-e0	0	1.0000000000089309	1.0	1.0000000000044653	1.0000000000044653
421	Limosilactobacillus_reuteri_I49	H2O-e0	Microbe	-0.9999999999938843	L-Cysteine-e0	0	0.9999999999938843	-1.0	0.9999999999969421	-0.9999999999969421
422	Limosilactobacillus_reuteri_I49	H2O-e0	Microbe	1.00000000001607	Glycolate-e0	0	1.00000000001607	1.0	1.000000000008035	1.000000000008035
423	Limosilactobacillus_reuteri_I49	H2O-e0	Microbe	-0.9999999999882649	L-Asparagine-e0	0	0.9999999999882649	-1.0	0.9999999999941325	-0.9999999999941325
427	Limosilactobacillus_reuteri_I49	H2O-e0	Microbe	2.0000000000122573	Glycerol-e0	0	2.0000000000122573	1.0	1.4142135623774286	1.4142135623774286
430	Limosilactobacillus_reuteri_I49	H2O-e0	Microbe	4.000000000058937	Melitose-e0	0	4.000000000058937	1.0	2.000000000014734	2.000000000014734
435	Limosilactobacillus_reuteri_I49	H2O-e0	Microbe	1.0000000000133245	D-Ribose-e0	0	1.0000000000133245	1.0	1.0000000000066622	1.0000000000066622
441	Limosilactobacillus_reuteri_I49	H2O-e0	Microbe	-6.999999999993592	Folate-e0	0	6.999999999993592	-1.0	2.6457513110633797	-2.6457513110633797
447	Limosilactobacillus_reuteri_I49	H2O-e0	Microbe	-0.9999999999986064	Urea-e0	0	0.9999999999986064	-1.0	0.9999999999993032	-0.9999999999993032
451	Limosilactobacillus_reuteri_I49	H2O-e0	Microbe	3.0000000000380505	Sucrose	0	3.0000000000380505	1.0	1.7320508075798615	1.7320508075798615
452	Limosilactobacillus_reuteri_I49	H2O-e0	Microbe	-9.999999999946066	Thiamine	0	9.999999999946066	-1.0	3.1622776601598517	-3.1622776601598517
453	Limosilactobacillus_reuteri_I49	H2O-e0	Microbe	-3.9999999999850506	Riboflavin	0	3.9999999999850506	-1.0	1.9999999999962625	-1.9999999999962625
454	Limosilactobacillus_reuteri_I49	H2O-e0	Microbe	757.3000759296041	PAN	0	757.3000759296041	1.0	27.519085666671486	27.519085666671486
455	Limosilactobacillus_reuteri_I49	H2O-e0	Microbe	-3.9999999999915667	Cytosine	0	3.9999999999915667	-1.0	1.9999999999978917	-1.9999999999978917
460	Limosilactobacillus_reuteri_I49	Glycine-e0	Microbe	-1.0000000000000002	Glycine-e0	1	1.0000000000000002	-1.0	1.0	-1.0
467	Limosilactobacillus_reuteri_I49	Phosphate-e0	Microbe	-129.8641856176297	PAN	0	129.8641856176297	-1.0	11.395796839959445	-11.395796839959445
469	Limosilactobacillus_reuteri_I49	L-Glutamate-e0	Microbe	-0.9999999999999992	L-Glutamate-e0	1	0.9999999999999992	-1.0	0.9999999999999996	-0.9999999999999996
470	Limosilactobacillus_reuteri_I49	D-Glucose-e0	Microbe	-0.999999999999999	D-Glucose-e0	1	0.999999999999999	-1.0	0.9999999999999994	-0.9999999999999994
471	Limosilactobacillus_reuteri_I49	Heme-e0	Microbe	-0.9999999999999992	Heme-e0	1	0.9999999999999992	-1.0	0.9999999999999996	-0.9999999999999996
473	Limosilactobacillus_reuteri_I49	Mn2+-e0	Microbe	-0.7060625359650557	PAN	0	0.7060625359650557	-1.0	0.8402752739222163	-0.8402752739222163
479	Limosilactobacillus_reuteri_I49	Zn2+-e0	Microbe	-0.7060625359949594	PAN	0	0.7060625359949594	-1.0	0.8402752739400103	-0.8402752739400103
486	Limosilactobacillus_reuteri_I49	L-Lysine-e0	Microbe	-36.359661934277035	PAN	0	36.359661934277035	-1.0	6.029897340276784	-6.029897340276784
488	Limosilactobacillus_reuteri_I49	L-Aspartate-e0	Microbe	-0.9999999999999988	L-Aspartate-e0	1	0.9999999999999988	-1.0	0.9999999999999993	-0.9999999999999993
490	Limosilactobacillus_reuteri_I49	Sulfate-e0	Microbe	-0.7060625359653157	PAN	0	0.7060625359653157	-1.0	0.840275273922371	-0.840275273922371
491	Limosilactobacillus_reuteri_I49	L-Arginine-e0	Microbe	-1.0000000000000007	L-Arginine-e0	1	1.0000000000000007	-1.0	1.0000000000000002	-1.0000000000000002
492	Limosilactobacillus_reuteri_I49	L-Glutamine-e0	Microbe	-0.9999999999999992	L-Glutamine-e0	1	0.9999999999999992	-1.0	0.9999999999999996	-0.9999999999999996
495	Limosilactobacillus_reuteri_I49	Galactose-e0	Microbe	-1.0000000000000013	Galactose-e0	1	1.0000000000000013	-1.0	1.0000000000000007	-1.0000000000000007
496	Limosilactobacillus_reuteri_I49	Putrescine-e0	Microbe	-1.0000000000000002	Putrescine-e0	1	1.0000000000000002	-1.0	1.0	-1.0
498	Limosilactobacillus_reuteri_I49	L-Histidine-e0	Microbe	-9.204977704862378	PAN	0	9.204977704862378	-1.0	3.033970617007089	-3.033970617007089
499	Limosilactobacillus_reuteri_I49	L-Proline-e0	Microbe	0.9999999999998619	L-Arginine-e0	0	0.9999999999998619	1.0	0.9999999999999309	0.9999999999999309
501	Limosilactobacillus_reuteri_I49	L-Proline-e0	Microbe	0.9999999999999555	Putrescine-e0	0	0.9999999999999555	1.0	0.9999999999999777	0.9999999999999777
502	Limosilactobacillus_reuteri_I49	L-Proline-e0	Microbe	0.9999999999991654	Spermidine-e0	0	0.9999999999991654	1.0	0.9999999999995827	0.9999999999995827
508	Limosilactobacillus_reuteri_I49	L-Proline-e0	Microbe	-40.811528573556195	PAN	0	40.811528573556195	-1.0	6.388390139429197	-6.388390139429197
515	Limosilactobacillus_reuteri_I49	Co2+-e0	Microbe	-0.7060625359706894	PAN	0	0.7060625359706894	-1.0	0.8402752739255686	-0.8402752739255686
519	Limosilactobacillus_reuteri_I49	L-Valine-e0	Microbe	-34.56469128175503	PAN	0	34.56469128175503	-1.0	5.87917437075607	-5.87917437075607
520	Limosilactobacillus_reuteri_I49	L-Threonine-e0	Microbe	-0.9999999999999994	L-Threonine-e0	1	0.9999999999999994	-1.0	0.9999999999999997	-0.9999999999999997
523	Limosilactobacillus_reuteri_I49	Spermidine-e0	Microbe	-0.9999999999999999	Spermidine-e0	1	0.9999999999999999	-1.0	0.9999999999999999	-0.9999999999999999
526	Limosilactobacillus_reuteri_I49	fe3-e0	Microbe	-0.7060625359660334	PAN	0	0.7060625359660334	-1.0	0.8402752739227981	-0.8402752739227981
527	Limosilactobacillus_reuteri_I49	H+-e0	Microbe	-0.5000000000050719	Glycine-e0	0	0.5000000000050719	-1.0	0.7071067811901339	-0.7071067811901339
528	Limosilactobacillus_reuteri_I49	H+-e0	Microbe	1.9999999999908102	D-Glucose-e0	0	1.9999999999908102	1.0	1.414213562369846	1.414213562369846
529	Limosilactobacillus_reuteri_I49	H+-e0	Microbe	7.999999999982182	Heme-e0	0	7.999999999982182	1.0	2.8284271247430404	2.8284271247430404
530	Limosilactobacillus_reuteri_I49	H+-e0	Microbe	-1.0000000000069442	L-Aspartate-e0	0	1.0000000000069442	-1.0	1.0000000000034721	-1.0000000000034721
531	Limosilactobacillus_reuteri_I49	H+-e0	Microbe	-2.000000000001771	L-Arginine-e0	0	2.000000000001771	-1.0	1.4142135623737213	-1.4142135623737213
532	Limosilactobacillus_reuteri_I49	H+-e0	Microbe	1.9999999999886182	Galactose-e0	0	1.9999999999886182	1.0	1.414213562369071	1.414213562369071
533	Limosilactobacillus_reuteri_I49	H+-e0	Microbe	0.9999999999993747	Putrescine-e0	0	0.9999999999993747	1.0	0.9999999999996874	0.9999999999996874
535	Limosilactobacillus_reuteri_I49	H+-e0	Microbe	0.49999999998881717	L-Threonine-e0	0	0.49999999998881717	1.0	0.7071067811786401	0.7071067811786401
538	Limosilactobacillus_reuteri_I49	H+-e0	Microbe	3.9999999999918803	Spermidine-e0	0	3.9999999999918803	1.0	1.99999999999797	1.99999999999797
541	Limosilactobacillus_reuteri_I49	H+-e0	Microbe	-1.0000000000052514	L-Malate-e0	0	1.0000000000052514	-1.0	1.0000000000026257	-1.0000000000026257
543	Limosilactobacillus_reuteri_I49	H+-e0	Microbe	0.9999999999965068	L-Cysteine-e0	0	0.9999999999965068	1.0	0.9999999999982534	0.9999999999982534
544	Limosilactobacillus_reuteri_I49	H+-e0	Microbe	-0.500000000009465	Glycolate-e0	0	0.500000000009465	-1.0	0.7071067811932403	-0.7071067811932403
545	Limosilactobacillus_reuteri_I49	H+-e0	Microbe	-1.0000000000070202	L-Asparagine-e0	0	1.0000000000070202	-1.0	1.00000000000351	-1.00000000000351
550	Limosilactobacillus_reuteri_I49	H+-e0	Microbe	0.9999999999931958	Glycerol-e0	0	0.9999999999931958	1.0	0.9999999999965978	0.9999999999965978
553	Limosilactobacillus_reuteri_I49	H+-e0	Microbe	5.999999999968305	Melitose-e0	0	5.999999999968305	1.0	2.4494897427767084	2.4494897427767084
559	Limosilactobacillus_reuteri_I49	H+-e0	Microbe	1.9999999999927391	D-Ribose-e0	0	1.9999999999927391	1.0	1.4142135623705279	1.4142135623705279
565	Limosilactobacillus_reuteri_I49	H+-e0	Microbe	-1.499999999999292	Folate-e0	0	1.499999999999292	-1.0	1.2247448713913	-1.2247448713913
570	Limosilactobacillus_reuteri_I49	H+-e0	Microbe	-2.0000000000008713	Urea-e0	0	2.0000000000008713	-1.0	1.4142135623734031	-1.4142135623734031
576	Limosilactobacillus_reuteri_I49	H+-e0	Microbe	3.9999999999797207	Sucrose	0	3.9999999999797207	1.0	1.99999999999493	1.99999999999493
577	Limosilactobacillus_reuteri_I49	H+-e0	Microbe	1.9999999999751048	Thiamine	0	1.9999999999751048	1.0	1.4142135623642933	1.4142135623642933
578	Limosilactobacillus_reuteri_I49	H+-e0	Microbe	2.999999999996138	Riboflavin	0	2.999999999996138	1.0	1.7320508075677625	1.7320508075677625
579	Limosilactobacillus_reuteri_I49	H+-e0	Microbe	-465.5205547383245	PAN	0	465.5205547383245	-1.0	21.575925350684834	-21.575925350684834
580	Limosilactobacillus_reuteri_I49	H+-e0	Microbe	-2.0000000000050835	Cytosine	0	2.0000000000050835	-1.0	1.4142135623748924	-1.4142135623748924
591	Limosilactobacillus_reuteri_I49	L-Malate-e0	Microbe	-0.9999999999999998	L-Malate-e0	1	0.9999999999999998	-1.0	0.9999999999999999	-0.9999999999999999
598	Limosilactobacillus_reuteri_I49	L-Alanine-e0	Microbe	-1.000000000001001	Glycolate-e0	0	1.000000000001001	-1.0	1.0000000000005005	-1.0000000000005005
601	Limosilactobacillus_reuteri_I49	L-Alanine-e0	Microbe	1.0000000000000904	Folate-e0	0	1.0000000000000904	1.0	1.000000000000045	1.000000000000045
602	Limosilactobacillus_reuteri_I49	L-Alanine-e0	Microbe	-1.000000000002606	Thiamine	0	1.000000000002606	-1.0	1.000000000001303	-1.000000000001303
603	Limosilactobacillus_reuteri_I49	L-Alanine-e0	Microbe	-53.03444007263715	PAN	0	53.03444007263715	-1.0	7.282474859046006	-7.282474859046006
604	Limosilactobacillus_reuteri_I49	L-Methionine-e0	Microbe	0.9999999999996575	Spermidine-e0	0	0.9999999999996575	1.0	0.9999999999998287	0.9999999999998287
607	Limosilactobacillus_reuteri_I49	L-Methionine-e0	Microbe	-14.748894121207005	PAN	0	14.748894121207005	-1.0	3.840428898079875	-3.840428898079875
608	Limosilactobacillus_reuteri_I49	L-Cysteine-e0	Microbe	-1.0000000000000002	L-Cysteine-e0	1	1.0000000000000002	-1.0	1.0	-1.0
614	Limosilactobacillus_reuteri_I49	L-Leucine-e0	Microbe	-47.22328715464215	PAN	0	47.22328715464215	-1.0	6.871920194140947	-6.871920194140947
617	Limosilactobacillus_reuteri_I49	L-Isoleucine-e0	Microbe	-38.570608112080215	PAN	0	38.570608112080215	-1.0	6.210523980477027	-6.210523980477027
619	Limosilactobacillus_reuteri_I49	L-Tyrosine-e0	Microbe	0.9999999999984328	Thiamine	0	0.9999999999984328	1.0	0.9999999999992164	0.9999999999992164
620	Limosilactobacillus_reuteri_I49	L-Tyrosine-e0	Microbe	-12.972744789895069	PAN	0	12.972744789895069	-1.0	3.601769674742552	-3.601769674742552
622	Limosilactobacillus_reuteri_I49	L-Phenylalanine-e0	Microbe	-19.790702065452685	PAN	0	19.790702065452685	-1.0	4.448674191874775	-4.448674191874775
623	Limosilactobacillus_reuteri_I49	L-Serine-e0	Microbe	-1.0000000000000004	L-Serine-e0	1	1.0000000000000004	-1.0	1.0000000000000002	-1.0000000000000002
624	Limosilactobacillus_reuteri_I49	NH3-e0	Microbe	0.999999999995797	Glycine-e0	0	0.999999999995797	1.0	0.9999999999978985	0.9999999999978985
625	Limosilactobacillus_reuteri_I49	NH3-e0	Microbe	0.9999999999981505	L-Glutamate-e0	0	0.9999999999981505	1.0	0.9999999999990752	0.9999999999990752
626	Limosilactobacillus_reuteri_I49	NH3-e0	Microbe	5.999999999980654	Heme-e0	0	5.999999999980654	1.0	2.449489742779229	2.449489742779229
627	Limosilactobacillus_reuteri_I49	NH3-e0	Microbe	0.9999999999945972	L-Aspartate-e0	0	0.9999999999945972	1.0	0.9999999999972986	0.9999999999972986
628	Limosilactobacillus_reuteri_I49	NH3-e0	Microbe	2.9999999999988205	L-Arginine-e0	0	2.9999999999988205	1.0	1.7320508075685368	1.7320508075685368
629	Limosilactobacillus_reuteri_I49	NH3-e0	Microbe	1.9999999999977727	L-Glutamine-e0	0	1.9999999999977727	1.0	1.4142135623723076	1.4142135623723076
631	Limosilactobacillus_reuteri_I49	NH3-e0	Microbe	0.9999999999999226	Putrescine-e0	0	0.9999999999999226	1.0	0.9999999999999613	0.9999999999999613
632	Limosilactobacillus_reuteri_I49	NH3-e0	Microbe	0.9999999999906117	L-Threonine-e0	0	0.9999999999906117	1.0	0.9999999999953059	0.9999999999953059
633	Limosilactobacillus_reuteri_I49	NH3-e0	Microbe	0.9999999999908569	Spermidine-e0	0	0.9999999999908569	1.0	0.9999999999954284	0.9999999999954284
635	Limosilactobacillus_reuteri_I49	NH3-e0	Microbe	0.9999999999970587	L-Cysteine-e0	0	0.9999999999970587	1.0	0.9999999999985293	0.9999999999985293
636	Limosilactobacillus_reuteri_I49	NH3-e0	Microbe	0.9999999999960459	L-Serine-e0	0	0.9999999999960459	1.0	0.9999999999980229	0.9999999999980229
637	Limosilactobacillus_reuteri_I49	NH3-e0	Microbe	0.9999999999920862	Glycolate-e0	0	0.9999999999920862	1.0	0.999999999996043	0.999999999996043
638	Limosilactobacillus_reuteri_I49	NH3-e0	Microbe	1.9999999999942124	L-Asparagine-e0	0	1.9999999999942124	1.0	1.4142135623710488	1.4142135623710488
647	Limosilactobacillus_reuteri_I49	NH3-e0	Microbe	1.999999999996704	Folate-e0	0	1.999999999996704	1.0	1.4142135623719296	1.4142135623719296
648	Limosilactobacillus_reuteri_I49	NH3-e0	Microbe	1.9999999999993483	Urea-e0	0	1.9999999999993483	1.0	1.4142135623728647	1.4142135623728647
650	Limosilactobacillus_reuteri_I49	NH3-e0	Microbe	4.999999999972319	Thiamine	0	4.999999999972319	1.0	2.2360679774936	2.2360679774936
651	Limosilactobacillus_reuteri_I49	NH3-e0	Microbe	-372.571193743362	PAN	0	372.571193743362	-1.0	19.302103350240408	-19.302103350240408
652	Limosilactobacillus_reuteri_I49	NH3-e0	Microbe	2.9999999999958136	Cytosine	0	2.9999999999958136	1.0	1.7320508075676688	1.7320508075676688
656	Limosilactobacillus_reuteri_I49	Pyruvate-e0	Microbe	-1.0000000000000007	Pyruvate-e0	1	1.0000000000000007	-1.0	1.0000000000000002	-1.0000000000000002
657	Limosilactobacillus_reuteri_I49	Glycolate-e0	Microbe	-0.9999999999999996	Glycolate-e0	1	0.9999999999999996	-1.0	0.9999999999999998	-0.9999999999999998
658	Limosilactobacillus_reuteri_I49	Acetate-e0	Microbe	0.49999999999363715	Glycine-e0	0	0.49999999999363715	1.0	0.7071067811820483	0.7071067811820483
659	Limosilactobacillus_reuteri_I49	Acetate-e0	Microbe	1.999999999988597	D-Glucose-e0	0	1.999999999988597	1.0	1.4142135623690635	1.4142135623690635
660	Limosilactobacillus_reuteri_I49	Acetate-e0	Microbe	5.9999999999750315	Heme-e0	0	5.9999999999750315	1.0	2.4494897427780815	2.4494897427780815
661	Limosilactobacillus_reuteri_I49	Acetate-e0	Microbe	0.9999999999916036	L-Aspartate-e0	0	0.9999999999916036	1.0	0.9999999999958018	0.9999999999958018
662	Limosilactobacillus_reuteri_I49	Acetate-e0	Microbe	1.9999999999858755	Galactose-e0	0	1.9999999999858755	1.0	1.4142135623681014	1.4142135623681014
664	Limosilactobacillus_reuteri_I49	Acetate-e0	Microbe	1.4999999999859994	L-Threonine-e0	0	1.4999999999859994	1.0	1.2247448713858733	1.2247448713858733
667	Limosilactobacillus_reuteri_I49	Acetate-e0	Microbe	1.999999999988297	Spermidine-e0	0	1.999999999988297	1.0	1.4142135623689573	1.4142135623689573
668	Limosilactobacillus_reuteri_I49	Acetate-e0	Microbe	0.99999999999353	L-Malate-e0	0	0.99999999999353	1.0	0.9999999999967649	0.9999999999967649
670	Limosilactobacillus_reuteri_I49	Acetate-e0	Microbe	0.9999999999957291	L-Cysteine-e0	0	0.9999999999957291	1.0	0.9999999999978645	0.9999999999978645
671	Limosilactobacillus_reuteri_I49	Acetate-e0	Microbe	0.9999999999941244	L-Serine-e0	0	0.9999999999941244	1.0	0.9999999999970621	0.9999999999970621
672	Limosilactobacillus_reuteri_I49	Acetate-e0	Microbe	0.9999999999953209	Pyruvate-e0	0	0.9999999999953209	1.0	0.9999999999976604	0.9999999999976604
673	Limosilactobacillus_reuteri_I49	Acetate-e0	Microbe	1.4999999999882245	Glycolate-e0	0	1.4999999999882245	1.0	1.2247448713867817	1.2247448713867817
674	Limosilactobacillus_reuteri_I49	Acetate-e0	Microbe	0.9999999999914255	L-Asparagine-e0	0	0.9999999999914255	1.0	0.9999999999957128	0.9999999999957128
678	Limosilactobacillus_reuteri_I49	Acetate-e0	Microbe	0.9999999999915021	Glycerol-e0	0	0.9999999999915021	1.0	0.9999999999957511	0.9999999999957511
681	Limosilactobacillus_reuteri_I49	Acetate-e0	Microbe	5.999999999960556	Melitose-e0	0	5.999999999960556	1.0	2.4494897427751265	2.4494897427751265
686	Limosilactobacillus_reuteri_I49	Acetate-e0	Microbe	1.9999999999909812	D-Ribose-e0	0	1.9999999999909812	1.0	1.4142135623699064	1.4142135623699064
692	Limosilactobacillus_reuteri_I49	Acetate-e0	Microbe	0.4999999999992441	Folate-e0	0	0.4999999999992441	1.0	0.707106781186013	0.707106781186013
702	Limosilactobacillus_reuteri_I49	Acetate-e0	Microbe	3.9999999999748024	Sucrose	0	3.9999999999748024	1.0	1.9999999999937006	1.9999999999937006
703	Limosilactobacillus_reuteri_I49	Acetate-e0	Microbe	6.999999999964952	Thiamine	0	6.999999999964952	1.0	2.645751311057967	2.645751311057967
704	Limosilactobacillus_reuteri_I49	Acetate-e0	Microbe	3.9999999999924296	Riboflavin	0	3.9999999999924296	1.0	1.9999999999981073	1.9999999999981073
705	Limosilactobacillus_reuteri_I49	Acetate-e0	Microbe	-585.3306164051961	PAN	0	585.3306164051961	-1.0	24.19360693251827	-24.19360693251827
706	Limosilactobacillus_reuteri_I49	Acetate-e0	Microbe	0.999999999993904	Cytosine	0	0.999999999993904	1.0	0.999999999996952	0.999999999996952
713	Limosilactobacillus_reuteri_I49	L-Asparagine-e0	Microbe	-0.9999999999999998	L-Asparagine-e0	1	0.9999999999999998	-1.0	0.9999999999999999	-0.9999999999999999
715	Limosilactobacillus_reuteri_I49	Ca2+-e0	Microbe	-0.7060625359661677	PAN	0	0.7060625359661677	-1.0	0.840275273922878	-0.840275273922878
717	Limosilactobacillus_reuteri_I49	Cu2+-e0	Microbe	-0.7060625359663806	PAN	0	0.7060625359663806	-1.0	0.8402752739230047	-0.8402752739230047
718	Limosilactobacillus_reuteri_I49	Fe2+-e0	Microbe	0.9999999999999184	Heme-e0	0	0.9999999999999184	1.0	0.9999999999999591	0.9999999999999591
720	Limosilactobacillus_reuteri_I49	Fe2+-e0	Microbe	-1.7060625359545394	PAN	0	1.7060625359545394	-1.0	1.306163288396416	-1.306163288396416
722	Limosilactobacillus_reuteri_I49	Fumarate-e0	Microbe	1.0000000000007716	Heme-e0	0	1.0000000000007716	1.0	1.0000000000003857	1.0000000000003857
729	Limosilactobacillus_reuteri_I49	Fumarate-e0	Microbe	-0.9999999999986968	Thiamine	0	0.9999999999986968	-1.0	0.9999999999993484	-0.9999999999993484
730	Limosilactobacillus_reuteri_I49	Fumarate-e0	Microbe	9.503941318029785	PAN	0	9.503941318029785	1.0	3.0828463013958034	3.0828463013958034
736	Limosilactobacillus_reuteri_I49	Glycerol-e0	Microbe	-0.9999999999999989	Glycerol-e0	1	0.9999999999999989	-1.0	0.9999999999999994	-0.9999999999999994
742	Limosilactobacillus_reuteri_I49	K+-e0	Microbe	-0.7060625360003744	PAN	0	0.7060625360003744	-1.0	0.8402752739432324	-0.8402752739432324
751	Limosilactobacillus_reuteri_I49	Melitose-e0	Microbe	-0.9999999999999996	Melitose-e0	1	0.9999999999999996	-1.0	0.9999999999999998	-0.9999999999999998
752	Limosilactobacillus_reuteri_I49	Succinate-e0	Microbe	0.9999999999995799	L-Glutamate-e0	0	0.9999999999995799	1.0	0.99999999999979	0.99999999999979
753	Limosilactobacillus_reuteri_I49	Succinate-e0	Microbe	4.999999999996957	Heme-e0	0	4.999999999996957	1.0	2.2360679774991095	2.2360679774991095
754	Limosilactobacillus_reuteri_I49	Succinate-e0	Microbe	0.9999999999995609	L-Glutamine-e0	0	0.9999999999995609	1.0	0.9999999999997804	0.9999999999997804
761	Limosilactobacillus_reuteri_I49	Succinate-e0	Microbe	0.9999999999998653	Folate-e0	0	0.9999999999998653	1.0	0.9999999999999326	0.9999999999999326
763	Limosilactobacillus_reuteri_I49	Succinate-e0	Microbe	-67.31887621217244	PAN	0	67.31887621217244	-1.0	8.204808115499866	-8.204808115499866
766	Limosilactobacillus_reuteri_I49	L-Tryptophan-e0	Microbe	-6.121310173732756	PAN	0	6.121310173732756	-1.0	2.474128164370786	-2.474128164370786
772	Limosilactobacillus_reuteri_I49	Mg-e0	Microbe	-0.7060625359660547	PAN	0	0.7060625359660547	-1.0	0.8402752739228108	-0.8402752739228108
774	Limosilactobacillus_reuteri_I49	D-Ribose-e0	Microbe	-1.0	D-Ribose-e0	1	1.0	-1.0	1.0	-1.0
780	Limosilactobacillus_reuteri_I49	Folate-e0	Microbe	-0.9999999999999998	Folate-e0	1	0.9999999999999998	-1.0	0.9999999999999999	-0.9999999999999999
787	Limosilactobacillus_reuteri_I49	CO2-e0	Microbe	0.9999999999947177	Glycine-e0	0	0.9999999999947177	1.0	0.9999999999973588	0.9999999999973588
788	Limosilactobacillus_reuteri_I49	CO2-e0	Microbe	0.9999999999971172	L-Glutamate-e0	0	0.9999999999971172	1.0	0.9999999999985586	0.9999999999985586
789	Limosilactobacillus_reuteri_I49	CO2-e0	Microbe	1.9999999999906224	D-Glucose-e0	0	1.9999999999906224	1.0	1.4142135623697796	1.4142135623697796
790	Limosilactobacillus_reuteri_I49	CO2-e0	Microbe	-2.0000000000199307	Heme-e0	0	2.0000000000199307	-1.0	1.4142135623801417	-1.4142135623801417
791	Limosilactobacillus_reuteri_I49	CO2-e0	Microbe	1.9999999999928393	L-Aspartate-e0	0	1.9999999999928393	1.0	1.4142135623705634	1.4142135623705634
792	Limosilactobacillus_reuteri_I49	CO2-e0	Microbe	0.999999999998276	L-Arginine-e0	0	0.999999999998276	1.0	0.999999999999138	0.999999999999138
793	Limosilactobacillus_reuteri_I49	CO2-e0	Microbe	0.999999999996983	L-Glutamine-e0	0	0.999999999996983	1.0	0.9999999999984914	0.9999999999984914
794	Limosilactobacillus_reuteri_I49	CO2-e0	Microbe	1.9999999999883287	Galactose-e0	0	1.9999999999883287	1.0	1.4142135623689687	1.4142135623689687
795	Limosilactobacillus_reuteri_I49	CO2-e0	Microbe	-1.0000000000006166	Putrescine-e0	0	1.0000000000006166	-1.0	1.0000000000003082	-1.0000000000003082
797	Limosilactobacillus_reuteri_I49	CO2-e0	Microbe	0.9999999999883262	L-Threonine-e0	0	0.9999999999883262	1.0	0.9999999999941631	0.9999999999941631
800	Limosilactobacillus_reuteri_I49	CO2-e0	Microbe	-1.0000000000094655	Spermidine-e0	0	1.0000000000094655	-1.0	1.0000000000047327	-1.0000000000047327
801	Limosilactobacillus_reuteri_I49	CO2-e0	Microbe	1.9999999999946296	L-Malate-e0	0	1.9999999999946296	1.0	1.4142135623711964	1.4142135623711964
803	Limosilactobacillus_reuteri_I49	CO2-e0	Microbe	0.9999999999964914	L-Cysteine-e0	0	0.9999999999964914	1.0	0.9999999999982456	0.9999999999982456
804	Limosilactobacillus_reuteri_I49	CO2-e0	Microbe	0.999999999995181	L-Serine-e0	0	0.999999999995181	1.0	0.9999999999975905	0.9999999999975905
805	Limosilactobacillus_reuteri_I49	CO2-e0	Microbe	0.9999999999961579	Pyruvate-e0	0	0.9999999999961579	1.0	0.9999999999980789	0.9999999999980789
806	Limosilactobacillus_reuteri_I49	CO2-e0	Microbe	1.9999999999902036	Glycolate-e0	0	1.9999999999902036	1.0	1.4142135623696315	1.4142135623696315
808	Limosilactobacillus_reuteri_I49	CO2-e0	Microbe	1.9999999999927736	L-Asparagine-e0	0	1.9999999999927736	1.0	1.41421356237054	1.41421356237054
812	Limosilactobacillus_reuteri_I49	CO2-e0	Microbe	0.9999999999929894	Glycerol-e0	0	0.9999999999929894	1.0	0.9999999999964947	0.9999999999964947
815	Limosilactobacillus_reuteri_I49	CO2-e0	Microbe	5.99999999996764	Melitose-e0	0	5.99999999996764	1.0	2.4494897427765725	2.4494897427765725
820	Limosilactobacillus_reuteri_I49	CO2-e0	Microbe	0.9999999999926186	D-Ribose-e0	0	0.9999999999926186	1.0	0.9999999999963093	0.9999999999963093
826	Limosilactobacillus_reuteri_I49	CO2-e0	Microbe	1.0000000000001257	Folate-e0	0	1.0000000000001257	1.0	1.0000000000000628	1.0000000000000628
831	Limosilactobacillus_reuteri_I49	CO2-e0	Microbe	0.9999999999991003	Urea-e0	0	0.9999999999991003	1.0	0.9999999999995501	0.9999999999995501
834	Limosilactobacillus_reuteri_I49	CO2-e0	Microbe	3.9999999999793547	Sucrose	0	3.9999999999793547	1.0	1.9999999999948386	1.9999999999948386
835	Limosilactobacillus_reuteri_I49	CO2-e0	Microbe	2.999999999972265	Thiamine	0	2.999999999972265	1.0	1.732050807560871	1.732050807560871
836	Limosilactobacillus_reuteri_I49	CO2-e0	Microbe	-1.0000000000053095	Riboflavin	0	1.0000000000053095	-1.0	1.0000000000026548	-1.0000000000026548
837	Limosilactobacillus_reuteri_I49	CO2-e0	Microbe	-484.48973722111094	PAN	0	484.48973722111094	-1.0	22.01112757723036	-22.01112757723036
838	Limosilactobacillus_reuteri_I49	CO2-e0	Microbe	1.999999999994821	Cytosine	0	1.999999999994821	1.0	1.414213562371264	1.414213562371264
843	Limosilactobacillus_reuteri_I49	O2-e0	Microbe	-0.49999999999357264	Glycine-e0	0	0.49999999999357264	-1.0	0.7071067811820027	-0.7071067811820027
844	Limosilactobacillus_reuteri_I49	O2-e0	Microbe	-0.9999999999965915	L-Glutamate-e0	0	0.9999999999965915	-1.0	0.9999999999982957	-0.9999999999982957
845	Limosilactobacillus_reuteri_I49	O2-e0	Microbe	-1.999999999988531	D-Glucose-e0	0	1.999999999988531	-1.0	1.4142135623690402	-1.4142135623690402
846	Limosilactobacillus_reuteri_I49	O2-e0	Microbe	-5.999999999974563	Heme-e0	0	5.999999999974563	-1.0	2.4494897427779856	-2.4494897427779856
847	Limosilactobacillus_reuteri_I49	O2-e0	Microbe	-0.9999999999913377	L-Aspartate-e0	0	0.9999999999913377	-1.0	0.9999999999956688	-0.9999999999956688
848	Limosilactobacillus_reuteri_I49	O2-e0	Microbe	-0.9999999999963822	L-Glutamine-e0	0	0.9999999999963822	-1.0	0.9999999999981911	-0.9999999999981911
849	Limosilactobacillus_reuteri_I49	O2-e0	Microbe	-1.9999999999857399	Galactose-e0	0	1.9999999999857399	-1.0	1.4142135623680534	-1.4142135623680534
851	Limosilactobacillus_reuteri_I49	O2-e0	Microbe	-0.9999999999858231	L-Threonine-e0	0	0.9999999999858231	-1.0	0.9999999999929116	-0.9999999999929116
854	Limosilactobacillus_reuteri_I49	O2-e0	Microbe	-0.9999999999879043	Spermidine-e0	0	0.9999999999879043	-1.0	0.9999999999939522	-0.9999999999939522
857	Limosilactobacillus_reuteri_I49	O2-e0	Microbe	-0.999999999993459	L-Malate-e0	0	0.999999999993459	-1.0	0.9999999999967295	-0.9999999999967295
859	Limosilactobacillus_reuteri_I49	O2-e0	Microbe	-0.4999999999956912	L-Cysteine-e0	0	0.4999999999956912	-1.0	0.7071067811835008	-0.7071067811835008
860	Limosilactobacillus_reuteri_I49	O2-e0	Microbe	-0.49999999999407757	L-Serine-e0	0	0.49999999999407757	-1.0	0.7071067811823597	-0.7071067811823597
861	Limosilactobacillus_reuteri_I49	O2-e0	Microbe	-0.4999999999952998	Pyruvate-e0	0	0.4999999999952998	-1.0	0.707106781183224	-0.707106781183224
862	Limosilactobacillus_reuteri_I49	O2-e0	Microbe	-1.4999999999881244	Glycolate-e0	0	1.4999999999881244	-1.0	1.2247448713867408	-1.2247448713867408
864	Limosilactobacillus_reuteri_I49	O2-e0	Microbe	-0.9999999999912098	L-Asparagine-e0	0	0.9999999999912098	-1.0	0.9999999999956048	-0.9999999999956048
869	Limosilactobacillus_reuteri_I49	O2-e0	Microbe	-1.499999999991481	Glycerol-e0	0	1.499999999991481	-1.0	1.2247448713881113	-1.2247448713881113
872	Limosilactobacillus_reuteri_I49	O2-e0	Microbe	-5.999999999960376	Melitose-e0	0	5.999999999960376	-1.0	2.4494897427750897	-2.4494897427750897
877	Limosilactobacillus_reuteri_I49	O2-e0	Microbe	-0.9999999999909494	D-Ribose-e0	0	0.9999999999909494	-1.0	0.9999999999954746	-0.9999999999954746
883	Limosilactobacillus_reuteri_I49	O2-e0	Microbe	-0.4999999999993576	Folate-e0	0	0.4999999999993576	-1.0	0.7071067811860933	-0.7071067811860933
894	Limosilactobacillus_reuteri_I49	O2-e0	Microbe	-3.9999999999747087	Sucrose	0	3.9999999999747087	-1.0	1.999999999993677	-1.999999999993677
895	Limosilactobacillus_reuteri_I49	O2-e0	Microbe	-3.4999999999645097	Thiamine	0	3.4999999999645097	-1.0	1.8708286933774856	-1.8708286933774856
896	Limosilactobacillus_reuteri_I49	O2-e0	Microbe	-0.4999999999924299	Riboflavin	0	0.4999999999924299	-1.0	0.7071067811811946	-0.7071067811811946
897	Limosilactobacillus_reuteri_I49	O2-e0	Microbe	589.924874098034	PAN	0	589.924874098034	1.0	24.28836911153225	24.28836911153225
898	Limosilactobacillus_reuteri_I49	O2-e0	Microbe	-0.4999999999937042	Cytosine	0	0.4999999999937042	-1.0	0.7071067811820957	-0.7071067811820957
903	Limosilactobacillus_reuteri_I49	5-Methylthio-D-ribose-e0	Microbe	-0.9999999999999808	Spermidine-e0	0	0.9999999999999808	-1.0	0.9999999999999903	-0.9999999999999903
905	Limosilactobacillus_reuteri_I49	5-Methylthio-D-ribose-e0	Microbe	0.49999999999287215	PAN	0	0.49999999999287215	1.0	0.7071067811815074	0.7071067811815074
906	Limosilactobacillus_reuteri_I49	Urea-e0	Microbe	-1.0000000000000009	Urea-e0	1	1.0000000000000009	-1.0	1.0000000000000004	-1.0000000000000004
910	Limosilactobacillus_reuteri_I49	H2S-e0	Microbe	0.9999999999999094	L-Cysteine-e0	0	0.9999999999999094	1.0	0.9999999999999547	0.9999999999999547
912	Limosilactobacillus_reuteri_I49	H2S-e0	Microbe	0.999999999998853	Thiamine	0	0.999999999998853	1.0	0.9999999999994265	0.9999999999994265
913	Limosilactobacillus_reuteri_I49	H2S-e0	Microbe	-8.397459504691069	PAN	0	8.397459504691069	-1.0	2.8978370390156636	-2.8978370390156636
921	Limosilactobacillus_reuteri_I49	Sucrose	Microbe	-0.9999999999999998	Sucrose	1	0.9999999999999998	-1.0	0.9999999999999999	-0.9999999999999999
922	Limosilactobacillus_reuteri_I49	Thiamine	Microbe	-0.9999999999999986	Thiamine	1	0.9999999999999986	-1.0	0.9999999999999992	-0.9999999999999992
923	Limosilactobacillus_reuteri_I49	Riboflavin	Microbe	-1.0	Riboflavin	1	1.0	-1.0	1.0	-1.0
925	Limosilactobacillus_reuteri_I49	Niacin	Microbe	-0.9999999999130076	PAN	0	0.9999999999130076	-1.0	0.9999999999565038	-0.9999999999565038
926	Limosilactobacillus_reuteri_I49	PAN	Microbe	-1.0000000000000202	PAN	1	1.0000000000000202	-1.0	1.00000000000001	-1.00000000000001
928	Limosilactobacillus_reuteri_I49	Cl	Microbe	-0.7060625359686002	PAN	0	0.7060625359686002	-1.0	0.8402752739243255	-0.8402752739243255
929	Limosilactobacillus_reuteri_I49	Inosine	Microbe	1.9999999999989115	Heme-e0	0	1.9999999999989115	1.0	1.4142135623727101	1.4142135623727101
937	Limosilactobacillus_reuteri_I49	Inosine	Microbe	0.9999999999996557	Folate-e0	0	0.9999999999996557	1.0	0.9999999999998278	0.9999999999998278
939	Limosilactobacillus_reuteri_I49	Inosine	Microbe	0.9999999999981607	Thiamine	0	0.9999999999981607	1.0	0.9999999999990803	0.9999999999990803
940	Limosilactobacillus_reuteri_I49	Inosine	Microbe	0.9999999999993385	Riboflavin	0	0.9999999999993385	1.0	0.9999999999996693	0.9999999999996693
941	Limosilactobacillus_reuteri_I49	Inosine	Microbe	-22.50839000664262	PAN	0	22.50839000664262	-1.0	4.744300792176085	-4.744300792176085
944	Limosilactobacillus_reuteri_I49	Cytosine	Microbe	-1.0000000000000007	Cytosine	1	1.0000000000000007	-1.0	1.0000000000000002	-1.0000000000000002
946	Limosilactobacillus_reuteri_I49	Homocysteine-e0	Microbe	0.9999999999873284	PAN	0	0.9999999999873284	1.0	0.9999999999936642	0.9999999999936642
947	Limosilactobacillus_reuteri_I49	5'-Deoxyadenosine-e0	Microbe	-1.9999999999995661	Heme-e0	0	1.9999999999995661	-1.0	1.4142135623729417	-1.4142135623729417
949	Limosilactobacillus_reuteri_I49	5'-Deoxyadenosine-e0	Microbe	-0.9999999999992016	Thiamine	0	0.9999999999992016	-1.0	0.9999999999996008	-0.9999999999996008
950	Limosilactobacillus_reuteri_I49	5'-Deoxyadenosine-e0	Microbe	1.4999999997975522	PAN	0	1.4999999997975522	1.0	1.2247448713089402	1.2247448713089402
