	Source	Target	SourceType	Weight	Variance	ABS_Weight	Sign_Weight	ABSRootWeight	SignedRootWeight
0	bc1002	1,2-Diacyl-sn-glycerol dioctadecanoyl	Microbe	-0.191758326407	0.06122652106029727	0.191758326407	-1.0	0.4379021881733408	-0.4379021881733408
1	1,2-Diacyl-sn-glycerol dioctadecanoyl	bc1002	Metabolite	0.191758326407	0.06122652106029727	0.191758326407	1.0	0.4379021881733408	0.4379021881733408
2	bc1002	4-Hydroxybenzoate	Microbe	-0.0043192995995	3.1064012674009424e-05	0.0043192995995	-1.0	0.06572137855751353	-0.06572137855751353
3	4-Hydroxybenzoate	bc1002	Metabolite	0.0043192995995	3.1064012674009424e-05	0.0043192995995	1.0	0.06572137855751353	0.06572137855751353
4	bc1002	5-Aminolevulinate	Microbe	-0.034554403262999994	0.001988098382379306	0.034554403262999994	-1.0	0.1858881471826539	-0.1858881471826539
5	5-Aminolevulinate	bc1002	Metabolite	0.034554403262999994	0.001988098382379306	0.034554403262999994	1.0	0.1858881471826539	0.1858881471826539
6	bc1002	AMP	Microbe	-0.16526555277049998	0.04547741832194785	0.16526555277049998	-1.0	0.4065286616838965	-0.4065286616838965
7	AMP	bc1002	Metabolite	0.16526555277049998	0.04547741832194785	0.16526555277049998	1.0	0.4065286616838965	0.4065286616838965
8	bc1002	Acetate	Microbe	8.784441802772498	128.48707951756558	8.784441802772498	1.0	2.963855901148451	2.963855901148451
9	bc1002	Ala-Ala	Microbe	-0.038496848138	0.002467638217906474	0.038496848138	-1.0	0.19620613685101698	-0.19620613685101698
10	Ala-Ala	bc1002	Metabolite	0.038496848138	0.002467638217906474	0.038496848138	1.0	0.19620613685101698	0.19620613685101698
11	bc1002	BET	Microbe	-0.008638599198999999	0.00012425620019180126	0.008638599198999999	-1.0	0.09294406489389195	-0.09294406489389195
12	BET	bc1002	Metabolite	0.008638599198999999	0.00012425620019180126	0.008638599198999999	1.0	0.09294406489389195	0.09294406489389195
13	bc1002	BIOT	Microbe	-0.0043192995995	3.1064012674009424e-05	0.0043192995995	-1.0	0.06572137855751353	-0.06572137855751353
14	BIOT	bc1002	Metabolite	0.0043192995995	3.1064012674009424e-05	0.0043192995995	1.0	0.06572137855751353	0.06572137855751353
15	bc1002	CMP	Microbe	-0.12945408758049998	0.027903754882540224	0.12945408758049998	-1.0	0.359797286788686	-0.359797286788686
16	CMP	bc1002	Metabolite	0.12945408758049998	0.027903754882540224	0.12945408758049998	1.0	0.359797286788686	0.359797286788686
17	bc1002	CO2	Microbe	11.120095718732001	205.89612309902557	11.120095718732001	1.0	3.3346807521458484	3.3346807521458484
18	bc1002	Ca2+	Microbe	-0.0043192995995	3.1064012674009424e-05	0.0043192995995	-1.0	0.06572137855751353	-0.06572137855751353
19	Ca2+	bc1002	Metabolite	0.0043192995995	3.1064012674009424e-05	0.0043192995995	1.0	0.06572137855751353	0.06572137855751353
20	bc1002	Chorismate	Microbe	-0.008638599198999999	0.00012425620019180126	0.008638599198999999	-1.0	0.09294406489389195	-0.09294406489389195
21	Chorismate	bc1002	Metabolite	0.008638599198999999	0.00012425620019180126	0.008638599198999999	1.0	0.09294406489389195	0.09294406489389195
22	bc1002	Cl-	Microbe	-0.0043192995995	3.1064012674009424e-05	0.0043192995995	-1.0	0.06572137855751353	-0.06572137855751353
23	Cl-	bc1002	Metabolite	0.0043192995995	3.1064012674009424e-05	0.0043192995995	1.0	0.06572137855751353	0.06572137855751353
24	bc1002	Co2+	Microbe	-0.0043192995995	3.1064012674009424e-05	0.0043192995995	-1.0	0.06572137855751353	-0.06572137855751353
25	Co2+	bc1002	Metabolite	0.0043192995995	3.1064012674009424e-05	0.0043192995995	1.0	0.06572137855751353	0.06572137855751353
26	bc1002	CoA	Microbe	-0.008638599198999999	0.00012425620019180126	0.008638599198999999	-1.0	0.09294406489389195	-0.09294406489389195
27	CoA	bc1002	Metabolite	0.008638599198999999	0.00012425620019180126	0.008638599198999999	1.0	0.09294406489389195	0.09294406489389195
28	bc1002	Cu2+	Microbe	-0.0043192995995	3.1064012674009424e-05	0.0043192995995	-1.0	0.06572137855751353	-0.06572137855751353
29	Cu2+	bc1002	Metabolite	0.0043192995995	3.1064012674009424e-05	0.0043192995995	1.0	0.06572137855751353	0.06572137855751353
30	bc1002	D-Arabinose	Microbe	-0.115490544414	0.022208741962530167	0.115490544414	-1.0	0.3398389977827736	-0.3398389977827736
31	D-Arabinose	bc1002	Metabolite	0.115490544414	0.022208741962530167	0.115490544414	1.0	0.3398389977827736	0.3398389977827736
32	bc1002	D-Glucose	Microbe	-5.682491489367999	53.76612107969828	5.682491489367999	-1.0	2.3837977031132485	-2.3837977031132485
33	D-Glucose	bc1002	Metabolite	5.682491489367999	53.76612107969828	5.682491489367999	1.0	2.3837977031132485	2.3837977031132485
34	bc1002	Deoxycytidine	Microbe	-0.034538636717	0.0019862846147542046	0.034538636717	-1.0	0.1858457336529413	-0.1858457336529413
35	Deoxycytidine	bc1002	Metabolite	0.034538636717	0.0019862846147542046	0.034538636717	1.0	0.1858457336529413	0.1858457336529413
36	bc1002	Deoxyguanosine	Microbe	-0.0043192995995	3.1064012674009424e-05	0.0043192995995	-1.0	0.06572137855751353	-0.06572137855751353
37	Deoxyguanosine	bc1002	Metabolite	0.0043192995995	3.1064012674009424e-05	0.0043192995995	1.0	0.06572137855751353	0.06572137855751353
38	bc1002	Folate	Microbe	-0.012957898798499998	0.00027957633830969777	0.012957898798499998	-1.0	0.11383276680508121	-0.11383276680508121
39	Folate	bc1002	Metabolite	0.012957898798499998	0.00027957633830969777	0.012957898798499998	1.0	0.11383276680508121	0.11383276680508121
40	bc1002	GTP	Microbe	-0.208421082201	0.07232932283107626	0.208421082201	-1.0	0.4565315785364688	-0.4565315785364688
41	GTP	bc1002	Metabolite	0.208421082201	0.07232932283107626	0.208421082201	1.0	0.4565315785364688	0.4565315785364688
42	bc1002	Glycerol	Microbe	-0.09587916320350001	0.015306630135957023	0.09587916320350001	-1.0	0.3096436067537969	-0.3096436067537969
43	Glycerol	bc1002	Metabolite	0.09587916320350001	0.015306630135957023	0.09587916320350001	1.0	0.3096436067537969	0.3096436067537969
44	bc1002	Glycine	Microbe	-0.7675252923535	0.9808814243809711	0.7675252923535	-1.0	0.8760852083864331	-0.8760852083864331
45	Glycine	bc1002	Metabolite	0.7675252923535	0.9808814243809711	0.7675252923535	1.0	0.8760852083864331	0.8760852083864331
46	bc1002	H+	Microbe	7.859001695832999	102.84090331224341	7.859001695832999	1.0	2.803391106469627	2.803391106469627
47	bc1002	H2O	Microbe	20.486045763944496	698.7911482306098	20.486045763944496	1.0	4.526151319161181	4.526151319161181
48	bc1002	Heme	Microbe	-0.0043192995995	3.1064012674009424e-05	0.0043192995995	-1.0	0.06572137855751353	-0.06572137855751353
49	Heme	bc1002	Metabolite	0.0043192995995	3.1064012674009424e-05	0.0043192995995	1.0	0.06572137855751353	0.06572137855751353
50	bc1002	K+	Microbe	-0.0043192995995	3.1064012674009424e-05	0.0043192995995	-1.0	0.06572137855751353	-0.06572137855751353
51	K+	bc1002	Metabolite	0.0043192995995	3.1064012674009424e-05	0.0043192995995	1.0	0.06572137855751353	0.06572137855751353
52	bc1002	L-Alanine	Microbe	-0.6971826080954999	0.8093273300950222	0.6971826080954999	-1.0	0.834974615240188	-0.834974615240188
53	L-Alanine	bc1002	Metabolite	0.6971826080954999	0.8093273300950222	0.6971826080954999	1.0	0.834974615240188	0.834974615240188
54	bc1002	L-Arginine	Microbe	-0.3797210314734999	0.24008245554536534	0.3797210314734999	-1.0	0.6162150853991647	-0.6162150853991647
55	L-Arginine	bc1002	Metabolite	0.3797210314734999	0.24008245554536534	0.3797210314734999	1.0	0.6162150853991647	0.6162150853991647
56	bc1002	L-Asparagine	Microbe	-0.30912307855800003	0.15910871782930133	0.30912307855800003	-1.0	0.5559883798767741	-0.5559883798767741
57	L-Asparagine	bc1002	Metabolite	0.30912307855800003	0.15910871782930133	0.30912307855800003	1.0	0.5559883798767741	0.5559883798767741
58	bc1002	L-Aspartate	Microbe	-0.30912307855800003	0.15910871782930133	0.30912307855800003	-1.0	0.5559883798767741	-0.5559883798767741
59	L-Aspartate	bc1002	Metabolite	0.30912307855800003	0.15910871782930133	0.30912307855800003	1.0	0.5559883798767741	0.5559883798767741
60	bc1002	L-Cysteine	Microbe	-0.11720631388449998	0.02287352571481325	0.11720631388449998	-1.0	0.3423540767750546	-0.3423540767750546
61	L-Cysteine	bc1002	Metabolite	0.11720631388449998	0.02287352571481325	0.11720631388449998	1.0	0.3423540767750546	0.3423540767750546
62	bc1002	L-Glutamate	Microbe	-0.23469253246299998	0.09171273923189203	0.23469253246299998	-1.0	0.48445075339295324	-0.48445075339295324
63	L-Glutamate	bc1002	Metabolite	0.23469253246299998	0.09171273923189203	0.23469253246299998	1.0	0.48445075339295324	0.48445075339295324
64	bc1002	L-Glutamine	Microbe	-0.4868932645639999	0.3947286521603527	0.4868932645639999	-1.0	0.697777374643231	-0.697777374643231
65	L-Glutamine	bc1002	Metabolite	0.4868932645639999	0.3947286521603527	0.4868932645639999	1.0	0.697777374643231	0.697777374643231
66	bc1002	L-Histidine	Microbe	-0.12200422968699998	0.02478454131879753	0.12200422968699998	-1.0	0.3492910386583085	-0.3492910386583085
67	L-Histidine	bc1002	Metabolite	0.12200422968699998	0.02478454131879753	0.12200422968699998	1.0	0.3492910386583085	0.3492910386583085
68	bc1002	L-Isoleucine	Microbe	-0.3721814439549999	0.23064314545204817	0.3721814439549999	-1.0	0.61006675368766	-0.61006675368766
69	L-Isoleucine	bc1002	Metabolite	0.3721814439549999	0.23064314545204817	0.3721814439549999	1.0	0.61006675368766	0.61006675368766
70	bc1002	L-Leucine	Microbe	-0.5778065542744999	0.555899192917443	0.5778065542744999	-1.0	0.7601358788233192	-0.7601358788233192
71	L-Leucine	bc1002	Metabolite	0.5778065542744999	0.555899192917443	0.5778065542744999	1.0	0.7601358788233192	0.7601358788233192
72	bc1002	L-Lysine	Microbe	-0.439352310459	0.3214081980076445	0.439352310459	-1.0	0.6628365639122513	-0.6628365639122513
73	L-Lysine	bc1002	Metabolite	0.439352310459	0.3214081980076445	0.439352310459	1.0	0.6628365639122513	0.6628365639122513
74	bc1002	L-Methionine	Microbe	-0.18807608451049998	0.05889769196074721	0.18807608451049998	-1.0	0.4336773968176114	-0.4336773968176114
75	L-Methionine	bc1002	Metabolite	0.18807608451049998	0.05889769196074721	0.18807608451049998	1.0	0.4336773968176114	0.4336773968176114
76	bc1002	L-Phenylalanine	Microbe	-0.2378397077135	0.0941889248653229	0.2378397077135	-1.0	0.48768812545878126	-0.48768812545878126
77	L-Phenylalanine	bc1002	Metabolite	0.2378397077135	0.0941889248653229	0.2378397077135	1.0	0.48768812545878126	0.48768812545878126
78	bc1002	L-Proline	Microbe	-0.28376264752	0.13407307554986014	0.28376264752	-1.0	0.5326937652347735	-0.5326937652347735
79	L-Proline	bc1002	Metabolite	0.28376264752	0.13407307554986014	0.28376264752	1.0	0.5326937652347735	0.5326937652347735
80	bc1002	L-Serine	Microbe	-0.33280124241899994	0.18441702136192273	0.33280124241899994	-1.0	0.5768892809014569	-0.5768892809014569
81	L-Serine	bc1002	Metabolite	0.33280124241899994	0.18441702136192273	0.33280124241899994	1.0	0.5768892809014569	0.5768892809014569
82	bc1002	L-Threonine	Microbe	-0.3248876682905	0.17575090905851415	0.3248876682905	-1.0	0.5699891826083193	-0.5699891826083193
83	L-Threonine	bc1002	Metabolite	0.3248876682905	0.17575090905851415	0.3248876682905	1.0	0.5699891826083193	0.5699891826083193
84	bc1002	L-Tryptophan	Microbe	-0.0726542067025	0.008789266175766624	0.0726542067025	-1.0	0.2695444429078441	-0.2695444429078441
85	L-Tryptophan	bc1002	Metabolite	0.0726542067025	0.008789266175766624	0.0726542067025	1.0	0.2695444429078441	0.2695444429078441
86	bc1002	L-Tyrosine	Microbe	-0.18574801301299998	0.05744860214992341	0.18574801301299998	-1.0	0.4309849336264552	-0.4309849336264552
87	L-Tyrosine	bc1002	Metabolite	0.18574801301299998	0.05744860214992341	0.18574801301299998	1.0	0.4309849336264552	0.4309849336264552
88	bc1002	L-Valine	Microbe	-0.5421648672355	0.4894336908912161	0.5421648672355	-1.0	0.7363184550420422	-0.7363184550420422
89	L-Valine	bc1002	Metabolite	0.5421648672355	0.4894336908912161	0.5421648672355	1.0	0.7363184550420422	0.7363184550420422
90	bc1002	Mg	Microbe	-0.0043192995995	3.1064012674009424e-05	0.0043192995995	-1.0	0.06572137855751353	-0.06572137855751353
91	Mg	bc1002	Metabolite	0.0043192995995	3.1064012674009424e-05	0.0043192995995	1.0	0.06572137855751353	0.06572137855751353
92	bc1002	Mn2+	Microbe	-0.0043192995995	3.1064012674009424e-05	0.0043192995995	-1.0	0.06572137855751353	-0.06572137855751353
93	Mn2+	bc1002	Metabolite	0.0043192995995	3.1064012674009424e-05	0.0043192995995	1.0	0.06572137855751353	0.06572137855751353
94	bc1002	Myristic acid	Microbe	-0.11619351054749999	0.022479925689938462	0.11619351054749999	-1.0	0.3408716922061731	-0.3408716922061731
95	Myristic acid	bc1002	Metabolite	0.11619351054749999	0.022479925689938462	0.11619351054749999	1.0	0.3408716922061731	0.3408716922061731
96	bc1002	NADP	Microbe	-0.008638599198999999	0.00012425620019180126	0.008638599198999999	-1.0	0.09294406489389195	-0.09294406489389195
97	NADP	bc1002	Metabolite	0.008638599198999999	0.00012425620019180126	0.008638599198999999	1.0	0.09294406489389195	0.09294406489389195
98	bc1002	Niacin	Microbe	0.0043192995995	3.1064012674009424e-05	0.0043192995995	1.0	0.06572137855751353	0.06572137855751353
99	bc1002	Nicotinamide ribonucleotide	Microbe	-0.0043192995995	3.1064012674009424e-05	0.0043192995995	-1.0	0.06572137855751353	-0.06572137855751353
100	Nicotinamide ribonucleotide	bc1002	Metabolite	0.0043192995995	3.1064012674009424e-05	0.0043192995995	1.0	0.06572137855751353	0.06572137855751353
101	bc1002	Nitrite	Microbe	0.0215965044645	0.0007766009251375779	0.0215965044645	1.0	0.14695749203256023	0.14695749203256023
102	bc1002	O2	Microbe	-10.066817323562999	168.73900880552168	10.066817323562999	-1.0	3.172824817660597	-3.172824817660597
103	O2	bc1002	Metabolite	10.066817323562999	168.73900880552168	10.066817323562999	1.0	3.172824817660597	3.172824817660597
104	bc1002	Oxidized glutathione	Microbe	-0.0021596481830000003	7.766008102453046e-06	0.0021596481830000003	-1.0	0.046472015052071936	-0.046472015052071936
105	Oxidized glutathione	bc1002	Metabolite	0.0021596481830000003	7.766008102453046e-06	0.0021596481830000003	1.0	0.046472015052071936	0.046472015052071936
106	bc1002	PPi	Microbe	0.024423579382499994	0.0009932297149235403	0.024423579382499994	1.0	0.15628045105674604	0.15628045105674604
107	bc1002	Putrescine	Microbe	-0.0043192995995	3.1064012674009424e-05	0.0043192995995	-1.0	0.06572137855751353	-0.06572137855751353
108	Putrescine	bc1002	Metabolite	0.0043192995995	3.1064012674009424e-05	0.0043192995995	1.0	0.06572137855751353	0.06572137855751353
109	bc1002	Pyridoxal	Microbe	-0.0043192995995	3.1064012674009424e-05	0.0043192995995	-1.0	0.06572137855751353	-0.06572137855751353
110	Pyridoxal	bc1002	Metabolite	0.0043192995995	3.1064012674009424e-05	0.0043192995995	1.0	0.06572137855751353	0.06572137855751353
111	bc1002	Riboflavin	Microbe	-0.012957898798499998	0.00027957633830969777	0.012957898798499998	-1.0	0.11383276680508121	-0.11383276680508121
112	Riboflavin	bc1002	Metabolite	0.012957898798499998	0.00027957633830969777	0.012957898798499998	1.0	0.11383276680508121	0.11383276680508121
113	bc1002	S-Adenosyl-L-methionine	Microbe	-0.012957898798499998	0.00027957633830969777	0.012957898798499998	-1.0	0.11383276680508121	-0.11383276680508121
114	S-Adenosyl-L-methionine	bc1002	Metabolite	0.012957898798499998	0.00027957633830969777	0.012957898798499998	1.0	0.11383276680508121	0.11383276680508121
115	bc1002	Spermidine	Microbe	-0.0043192995995	3.1064012674009424e-05	0.0043192995995	-1.0	0.06572137855751353	-0.06572137855751353
116	Spermidine	bc1002	Metabolite	0.0043192995995	3.1064012674009424e-05	0.0043192995995	1.0	0.06572137855751353	0.06572137855751353
117	bc1002	Sulfate	Microbe	-0.0043192995995	3.1064012674009424e-05	0.0043192995995	-1.0	0.06572137855751353	-0.06572137855751353
118	Sulfate	bc1002	Metabolite	0.0043192995995	3.1064012674009424e-05	0.0043192995995	1.0	0.06572137855751353	0.06572137855751353
119	bc1002	TRHL	Microbe	-0.09117067307699998	0.013840170499518157	0.09117067307699998	-1.0	0.3019448179336747	-0.3019448179336747
120	TRHL	bc1002	Metabolite	0.09117067307699998	0.013840170499518157	0.09117067307699998	1.0	0.3019448179336747	0.3019448179336747
121	bc1002	TTP	Microbe	-0.014769871360999998	0.0003632323483244857	0.014769871360999998	-1.0	0.12153135957850549	-0.12153135957850549
122	TTP	bc1002	Metabolite	0.014769871360999998	0.0003632323483244857	0.014769871360999998	1.0	0.12153135957850549	0.12153135957850549
123	bc1002	Thiamin	Microbe	-0.0043192995995	3.1064012674009424e-05	0.0043192995995	-1.0	0.06572137855751353	-0.06572137855751353
124	Thiamin	bc1002	Metabolite	0.0043192995995	3.1064012674009424e-05	0.0043192995995	1.0	0.06572137855751353	0.06572137855751353
125	bc1002	UMP	Microbe	-0.1441297153505	0.03458901289747685	0.1441297153505	-1.0	0.3796441957287112	-0.3796441957287112
126	UMP	bc1002	Metabolite	0.1441297153505	0.03458901289747685	0.1441297153505	1.0	0.3796441957287112	0.3796441957287112
127	bc1002	Zn2+	Microbe	-0.0043192995995	3.1064012674009424e-05	0.0043192995995	-1.0	0.06572137855751353	-0.06572137855751353
128	Zn2+	bc1002	Metabolite	0.0043192995995	3.1064012674009424e-05	0.0043192995995	1.0	0.06572137855751353	0.06572137855751353
129	bc1002	dATP	Microbe	-0.014769871360999998	0.0003632323483244857	0.014769871360999998	-1.0	0.12153135957850549	-0.12153135957850549
130	dATP	bc1002	Metabolite	0.014769871360999998	0.0003632323483244857	0.014769871360999998	1.0	0.12153135957850549	0.12153135957850549
131	bc1002	dGTP	Microbe	-0.030219337117499998	0.0015205510008360096	0.030219337117499998	-1.0	0.1738370993703588	-0.1738370993703588
132	dGTP	bc1002	Metabolite	0.030219337117499998	0.0015205510008360096	0.030219337117499998	1.0	0.1738370993703588	0.1738370993703588
133	bc1002	ddca	Microbe	-0.11478757504699999	0.021939204086690155	0.11478757504699999	-1.0	0.3388031508811569	-0.3388031508811569
134	ddca	bc1002	Metabolite	0.11478757504699999	0.021939204086690155	0.11478757504699999	1.0	0.3388031508811569	0.3388031508811569
135	bc1002	fe3	Microbe	-0.012957898798499998	0.00027957633830969777	0.012957898798499998	-1.0	0.11383276680508121	-0.11383276680508121
136	fe3	bc1002	Metabolite	0.012957898798499998	0.00027957633830969777	0.012957898798499998	1.0	0.11383276680508121	0.11383276680508121
137	bc1002	meso-2,6-Diaminopimelate	Microbe	-0.038496848138	0.002467638217906474	0.038496848138	-1.0	0.19620613685101698	-0.19620613685101698
138	meso-2,6-Diaminopimelate	bc1002	Metabolite	0.038496848138	0.002467638217906474	0.038496848138	1.0	0.19620613685101698	0.19620613685101698
139	bc1008	1,2-Diacyl-sn-glycerol dioctadecanoyl	Microbe	-0.0889012508025	0.015614945824073644	0.0889012508025	-1.0	0.2981631278386045	-0.2981631278386045
140	1,2-Diacyl-sn-glycerol dioctadecanoyl	bc1008	Metabolite	0.0889012508025	0.015614945824073644	0.0889012508025	1.0	0.2981631278386045	0.2981631278386045
141	bc1008	2-Oxoglutarate	Microbe	-0.004004948429999999	3.168976325674116e-05	0.004004948429999999	-1.0	0.06328466188579977	-0.06328466188579977
142	2-Oxoglutarate	bc1008	Metabolite	0.004004948429999999	3.168976325674116e-05	0.004004948429999999	1.0	0.06328466188579977	0.06328466188579977
143	bc1008	4-Hydroxybenzoate	Microbe	-0.0020024709814999994	7.922429940084124e-06	0.0020024709814999994	-1.0	0.04474897743524425	-0.04474897743524425
144	4-Hydroxybenzoate	bc1008	Metabolite	0.0020024709814999994	7.922429940084124e-06	0.0020024709814999994	1.0	0.04474897743524425	0.04474897743524425
145	bc1008	5-Aminolevulinate	Microbe	-0.016019800186999996	0.0005070360657056035	0.016019800186999996	-1.0	0.12656934931886155	-0.12656934931886155
146	5-Aminolevulinate	bc1008	Metabolite	0.016019800186999996	0.0005070360657056035	0.016019800186999996	1.0	0.12656934931886155	0.12656934931886155
147	bc1008	AMP	Microbe	-0.075617673884	0.011297214447474151	0.075617673884	-1.0	0.27498667946647887	-0.27498667946647887
148	AMP	bc1008	Metabolite	0.075617673884	0.011297214447474151	0.075617673884	1.0	0.27498667946647887	0.27498667946647887
149	bc1008	Acetate	Microbe	18.587099394722998	682.5712208161011	18.587099394722998	1.0	4.311275843033359	4.311275843033359
150	bc1008	BET	Microbe	-0.004004948429999999	3.168976325674116e-05	0.004004948429999999	-1.0	0.06328466188579977	-0.06328466188579977
151	BET	bc1008	Metabolite	0.004004948429999999	3.168976325674116e-05	0.004004948429999999	1.0	0.06328466188579977	0.06328466188579977
152	bc1008	BIOT	Microbe	-0.0020024709814999994	7.922429940084124e-06	0.0020024709814999994	-1.0	0.04474897743524425	-0.04474897743524425
153	BIOT	bc1008	Metabolite	0.0020024709814999994	7.922429940084124e-06	0.0020024709814999994	1.0	0.04474897743524425	0.04474897743524425
154	bc1008	CMP	Microbe	-0.016990483953	0.0005703433158934378	0.016990483953	-1.0	0.130347550621406	-0.130347550621406
155	CMP	bc1008	Metabolite	0.016990483953	0.0005703433158934378	0.016990483953	1.0	0.130347550621406	0.130347550621406
156	bc1008	CO2	Microbe	0.37113970725999995	0.2721445072262806	0.37113970725999995	1.0	0.6092123663058719	0.6092123663058719
157	bc1008	Ca2+	Microbe	-0.0020024709814999994	7.922429940084124e-06	0.0020024709814999994	-1.0	0.04474897743524425	-0.04474897743524425
158	Ca2+	bc1008	Metabolite	0.0020024709814999994	7.922429940084124e-06	0.0020024709814999994	1.0	0.04474897743524425	0.04474897743524425
159	bc1008	Chitobiose	Microbe	-0.036696351266999994	0.002660544602365196	0.036696351266999994	-1.0	0.19156291725435795	-0.19156291725435795
160	Chitobiose	bc1008	Metabolite	0.036696351266999994	0.002660544602365196	0.036696351266999994	1.0	0.19156291725435795	0.19156291725435795
161	bc1008	Chorismate	Microbe	-0.004004948429999999	3.168976325674116e-05	0.004004948429999999	-1.0	0.06328466188579977	-0.06328466188579977
162	Chorismate	bc1008	Metabolite	0.004004948429999999	3.168976325674116e-05	0.004004948429999999	1.0	0.06328466188579977	0.06328466188579977
163	bc1008	Citrate	Microbe	-0.08923779348249998	0.015733391890691773	0.08923779348249998	-1.0	0.29872695473040256	-0.29872695473040256
164	Citrate	bc1008	Metabolite	0.08923779348249998	0.015733391890691773	0.08923779348249998	1.0	0.29872695473040256	0.29872695473040256
165	bc1008	Cl-	Microbe	-0.0020024709814999994	7.922429940084124e-06	0.0020024709814999994	-1.0	0.04474897743524425	-0.04474897743524425
166	Cl-	bc1008	Metabolite	0.0020024709814999994	7.922429940084124e-06	0.0020024709814999994	1.0	0.04474897743524425	0.04474897743524425
167	bc1008	Co2+	Microbe	-0.0020024709814999994	7.922429940084124e-06	0.0020024709814999994	-1.0	0.04474897743524425	-0.04474897743524425
168	Co2+	bc1008	Metabolite	0.0020024709814999994	7.922429940084124e-06	0.0020024709814999994	1.0	0.04474897743524425	0.04474897743524425
169	bc1008	CoA	Microbe	-0.004004948429999999	3.168976325674116e-05	0.004004948429999999	-1.0	0.06328466188579977	-0.06328466188579977
170	CoA	bc1008	Metabolite	0.004004948429999999	3.168976325674116e-05	0.004004948429999999	1.0	0.06328466188579977	0.06328466188579977
171	bc1008	Cu2+	Microbe	-0.0020024709814999994	7.922429940084124e-06	0.0020024709814999994	-1.0	0.04474897743524425	-0.04474897743524425
172	Cu2+	bc1008	Metabolite	0.0020024709814999994	7.922429940084124e-06	0.0020024709814999994	1.0	0.04474897743524425	0.04474897743524425
173	bc1008	Cytidine	Microbe	-0.0430258402125	0.0036574926029001803	0.0430258402125	-1.0	0.20742671046058653	-0.20742671046058653
174	Cytidine	bc1008	Metabolite	0.0430258402125	0.0036574926029001803	0.0430258402125	1.0	0.20742671046058653	0.20742671046058653
175	bc1008	D-Alanine	Microbe	-0.0356951141595	0.0025173427228395735	0.0356951141595	-1.0	0.1889315065294828	-0.1889315065294828
176	D-Alanine	bc1008	Metabolite	0.0356951141595	0.0025173427228395735	0.0356951141595	1.0	0.1889315065294828	0.1889315065294828
177	bc1008	D-Arabinose	Microbe	-0.05354267608949999	0.005664021294814305	0.05354267608949999	-1.0	0.2313929041468212	-0.2313929041468212
178	D-Arabinose	bc1008	Metabolite	0.05354267608949999	0.005664021294814305	0.05354267608949999	1.0	0.2313929041468212	0.2313929041468212
179	bc1008	D-Glucose	Microbe	-12.4205221109985	304.7926115795052	12.4205221109985	-1.0	3.524276111628954	-3.524276111628954
180	D-Glucose	bc1008	Metabolite	12.4205221109985	304.7926115795052	12.4205221109985	1.0	3.524276111628954	3.524276111628954
181	bc1008	Deoxycytidine	Microbe	-0.008620171482499998	0.00014681028476564857	0.008620171482499998	-1.0	0.09284487860135311	-0.09284487860135311
182	Deoxycytidine	bc1008	Metabolite	0.008620171482499998	0.00014681028476564857	0.008620171482499998	1.0	0.09284487860135311	0.09284487860135311
183	bc1008	Folate	Microbe	-0.006007422645	7.130190725494477e-05	0.006007422645	-1.0	0.07750756508238406	-0.07750756508238406
184	Folate	bc1008	Metabolite	0.006007422645	7.130190725494477e-05	0.006007422645	1.0	0.07750756508238406	0.07750756508238406
185	bc1008	Formate	Microbe	-0.0020024709814999994	7.922429940084124e-06	0.0020024709814999994	-1.0	0.04474897743524425	-0.04474897743524425
186	Formate	bc1008	Metabolite	0.0020024709814999994	7.922429940084124e-06	0.0020024709814999994	1.0	0.04474897743524425	0.04474897743524425
187	bc1008	Fumarate	Microbe	-0.042791136614999996	0.003617698303964151	0.042791136614999996	-1.0	0.2068601861523865	-0.2068601861523865
188	Fumarate	bc1008	Metabolite	0.042791136614999996	0.003617698303964151	0.042791136614999996	1.0	0.2068601861523865	0.2068601861523865
189	bc1008	GTP	Microbe	-0.09862876022799999	0.01921904853308165	0.09862876022799999	-1.0	0.31405216163561106	-0.31405216163561106
190	GTP	bc1008	Metabolite	0.09862876022799999	0.01921904853308165	0.09862876022799999	1.0	0.31405216163561106	0.31405216163561106
191	bc1008	Glucose-1-phosphate	Microbe	-0.046970073212999994	0.00435880269145226	0.046970073212999994	-1.0	0.21672580190877133	-0.21672580190877133
192	Glucose-1-phosphate	bc1008	Metabolite	0.046970073212999994	0.00435880269145226	0.046970073212999994	1.0	0.21672580190877133	0.21672580190877133
193	bc1008	Glycerol	Microbe	-0.0444506237845	0.003903736557575044	0.0444506237845	-1.0	0.21083316576027597	-0.21083316576027597
194	Glycerol	bc1008	Metabolite	0.0444506237845	0.003903736557575044	0.0444506237845	1.0	0.21083316576027597	0.21083316576027597
195	bc1008	Glycine	Microbe	-0.35783557174849995	0.25298324085913	0.35783557174849995	-1.0	0.5981935905277654	-0.5981935905277654
196	Glycine	bc1008	Metabolite	0.35783557174849995	0.25298324085913	0.35783557174849995	1.0	0.5981935905277654	0.5981935905277654
197	bc1008	H+	Microbe	30.16565577923	1797.8368283408472	30.16565577923	1.0	5.492326991287936	5.492326991287936
198	bc1008	H2O	Microbe	4.3133411417455	36.75804003045311	4.3133411417455	1.0	2.076858478988277	2.076858478988277
199	bc1008	Heme	Microbe	-0.0020024709814999994	7.922429940084124e-06	0.0020024709814999994	-1.0	0.04474897743524425	-0.04474897743524425
200	Heme	bc1008	Metabolite	0.0020024709814999994	7.922429940084124e-06	0.0020024709814999994	1.0	0.04474897743524425	0.04474897743524425
201	bc1008	K+	Microbe	-0.0020024709814999994	7.922429940084124e-06	0.0020024709814999994	-1.0	0.04474897743524425	-0.04474897743524425
202	K+	bc1008	Metabolite	0.0020024709814999994	7.922429940084124e-06	0.0020024709814999994	1.0	0.04474897743524425	0.04474897743524425
203	bc1008	L-Alanine	Microbe	-0.3232214586745	0.2064073264781266	0.3232214586745	-1.0	0.5685256886671877	-0.5685256886671877
204	L-Alanine	bc1008	Metabolite	0.3232214586745	0.2064073264781266	0.3232214586745	1.0	0.5685256886671877	0.5685256886671877
205	bc1008	L-Arginine	Microbe	-0.17604281150399997	0.06122958497915932	0.17604281150399997	-1.0	0.419574560124896	-0.419574560124896
206	L-Arginine	bc1008	Metabolite	0.17604281150399997	0.06122958497915932	0.17604281150399997	1.0	0.419574560124896	0.419574560124896
207	bc1008	L-Asparagine	Microbe	-0.14331282977849996	0.04057839658645313	0.14331282977849996	-1.0	0.3785668101914112	-0.3785668101914112
208	L-Asparagine	bc1008	Metabolite	0.14331282977849996	0.04057839658645313	0.14331282977849996	1.0	0.3785668101914112	0.3785668101914112
209	bc1008	L-Aspartate	Microbe	-0.14331282977849996	0.04057839658645313	0.14331282977849996	-1.0	0.3785668101914112	-0.3785668101914112
210	L-Aspartate	bc1008	Metabolite	0.14331282977849996	0.04057839658645313	0.14331282977849996	1.0	0.3785668101914112	0.3785668101914112
211	bc1008	L-Cysteine	Microbe	-0.054338123556499994	0.005833564722552039	0.054338123556499994	-1.0	0.23310539152173207	-0.23310539152173207
212	L-Cysteine	bc1008	Metabolite	0.054338123556499994	0.005833564722552039	0.054338123556499994	1.0	0.23310539152173207	0.23310539152173207
213	bc1008	L-Glutamate	Microbe	-0.17418882930949997	0.059946706150407834	0.17418882930949997	-1.0	0.4173593527279579	-0.4173593527279579
214	L-Glutamate	bc1008	Metabolite	0.17418882930949997	0.059946706150407834	0.17418882930949997	1.0	0.4173593527279579	0.4173593527279579
215	bc1008	L-Glutamine	Microbe	-0.1563412673795	0.04829164454966148	0.1563412673795	-1.0	0.3954001357858897	-0.3954001357858897
216	L-Glutamine	bc1008	Metabolite	0.1563412673795	0.04829164454966148	0.1563412673795	1.0	0.3954001357858897	0.3954001357858897
217	bc1008	L-Histidine	Microbe	-0.05656249024199999	0.006320941831975743	0.05656249024199999	-1.0	0.23782869936574094	-0.23782869936574094
218	L-Histidine	bc1008	Metabolite	0.05656249024199999	0.006320941831975743	0.05656249024199999	1.0	0.23782869936574094	0.23782869936574094
219	bc1008	L-Isoleucine	Microbe	-0.172547378603	0.058822224757496475	0.172547378603	-1.0	0.4153882263654087	-0.4153882263654087
220	L-Isoleucine	bc1008	Metabolite	0.172547378603	0.058822224757496475	0.172547378603	1.0	0.4153882263654087	0.4153882263654087
221	bc1008	L-Lactate	Microbe	12.4132521036085	304.4359122290099	12.4132521036085	1.0	3.523244542124276	3.523244542124276
222	bc1008	L-Leucine	Microbe	-0.26787741913599994	0.14177411480677884	0.26787741913599994	-1.0	0.5175687578824671	-0.5175687578824671
223	L-Leucine	bc1008	Metabolite	0.26787741913599994	0.14177411480677884	0.26787741913599994	1.0	0.5175687578824671	0.5175687578824671
224	bc1008	L-Lysine	Microbe	-0.20368852190050002	0.08197055137126186	0.20368852190050002	-1.0	0.4513186478537088	-0.4513186478537088
225	L-Lysine	bc1008	Metabolite	0.20368852190050002	0.08197055137126186	0.20368852190050002	1.0	0.4513186478537088	0.4513186478537088
226	bc1008	L-Methionine	Microbe	-0.0911990729075	0.016432573544723945	0.0911990729075	-1.0	0.3019918424519113	-0.3019918424519113
227	L-Methionine	bc1008	Metabolite	0.0911990729075	0.016432573544723945	0.0911990729075	1.0	0.3019918424519113	0.3019918424519113
228	bc1008	L-Phenylalanine	Microbe	-0.110265085541	0.024021534585391028	0.110265085541	-1.0	0.3320618700498448	-0.3320618700498448
229	L-Phenylalanine	bc1008	Metabolite	0.110265085541	0.024021534585391028	0.110265085541	1.0	0.3320618700498448	0.3320618700498448
230	bc1008	L-Proline	Microbe	-0.13155545515949998	0.03419341451346191	0.13155545515949998	-1.0	0.3627057418342036	-0.3627057418342036
231	L-Proline	bc1008	Metabolite	0.13155545515949998	0.03419341451346191	0.13155545515949998	1.0	0.3627057418342036	0.3627057418342036
232	bc1008	L-Serine	Microbe	-0.152287813216	0.04581999237868228	0.152287813216	-1.0	0.39024071188946957	-0.39024071188946957
233	L-Serine	bc1008	Metabolite	0.152287813216	0.04581999237868228	0.152287813216	1.0	0.39024071188946957	0.39024071188946957
234	bc1008	L-Threonine	Microbe	-0.15062146455949996	0.04482274839033434	0.15062146455949996	-1.0	0.3880998126249225	-0.3880998126249225
235	L-Threonine	bc1008	Metabolite	0.15062146455949996	0.04482274839033434	0.15062146455949996	1.0	0.3880998126249225	0.3880998126249225
236	bc1008	L-Tryptophan	Microbe	-0.0336832821955	0.002241576451206841	0.0336832821955	-1.0	0.1835300580163914	-0.1835300580163914
237	L-Tryptophan	bc1008	Metabolite	0.0336832821955	0.002241576451206841	0.0336832821955	1.0	0.1835300580163914	0.1835300580163914
238	bc1008	L-Tyrosine	Microbe	-0.08611480157849999	0.014651442195701121	0.08611480157849999	-1.0	0.2934532357608278	-0.2934532357608278
239	L-Tyrosine	bc1008	Metabolite	0.08611480157849999	0.014651442195701121	0.08611480157849999	1.0	0.2934532357608278	0.2934532357608278
240	bc1008	L-Valine	Microbe	-0.2513535454005	0.12482304011667483	0.2513535454005	-1.0	0.5013517182582503	-0.5013517182582503
241	L-Valine	bc1008	Metabolite	0.2513535454005	0.12482304011667483	0.2513535454005	1.0	0.5013517182582503	0.5013517182582503
242	bc1008	Mg	Microbe	-0.0020024709814999994	7.922429940084124e-06	0.0020024709814999994	-1.0	0.04474897743524425	-0.04474897743524425
243	Mg	bc1008	Metabolite	0.0020024709814999994	7.922429940084124e-06	0.0020024709814999994	1.0	0.04474897743524425	0.04474897743524425
244	bc1008	Mn2+	Microbe	-0.0020024709814999994	7.922429940084124e-06	0.0020024709814999994	-1.0	0.04474897743524425	-0.04474897743524425
245	Mn2+	bc1008	Metabolite	0.0020024709814999994	7.922429940084124e-06	0.0020024709814999994	1.0	0.04474897743524425	0.04474897743524425
246	bc1008	Myristic acid	Microbe	-0.07339270900099999	0.010642179206554478	0.07339270900099999	-1.0	0.27091088756452736	-0.27091088756452736
247	Myristic acid	bc1008	Metabolite	0.07339270900099999	0.010642179206554478	0.07339270900099999	1.0	0.27091088756452736	0.27091088756452736
248	bc1008	NADP	Microbe	-0.006007422645	7.130190725494477e-05	0.006007422645	-1.0	0.07750756508238406	-0.07750756508238406
249	NADP	bc1008	Metabolite	0.006007422645	7.130190725494477e-05	0.006007422645	1.0	0.07750756508238406	0.07750756508238406
250	bc1008	NH3	Microbe	0.010012371075	0.00019806092023339522	0.010012371075	1.0	0.10006183625638698	0.10006183625638698
251	bc1008	Niacin	Microbe	0.0020024709814999994	7.922429940084124e-06	0.0020024709814999994	1.0	0.04474897743524425	0.04474897743524425
252	bc1008	O2	Microbe	-0.257035758783	0.13053044513180034	0.257035758783	-1.0	0.50698694143242	-0.50698694143242
253	O2	bc1008	Metabolite	0.257035758783	0.13053044513180034	0.257035758783	1.0	0.50698694143242	0.50698694143242
254	bc1008	Oxidized glutathione	Microbe	-0.0010012371074999999	1.9806051974941673e-06	0.0010012371074999999	-1.0	0.03164233094289989	-0.03164233094289989
255	Oxidized glutathione	bc1008	Metabolite	0.0010012371074999999	1.9806051974941673e-06	0.0010012371074999999	1.0	0.03164233094289989	0.03164233094289989
256	bc1008	Pimelate	Microbe	-0.0052816926715	5.5115162270603066e-05	0.0052816926715	-1.0	0.07267525487743404	-0.07267525487743404
257	Pimelate	bc1008	Metabolite	0.0052816926715	5.5115162270603066e-05	0.0052816926715	1.0	0.07267525487743404	0.07267525487743404
258	bc1008	Putrescine	Microbe	-0.0020024709814999994	7.922429940084124e-06	0.0020024709814999994	-1.0	0.04474897743524425	-0.04474897743524425
259	Putrescine	bc1008	Metabolite	0.0020024709814999994	7.922429940084124e-06	0.0020024709814999994	1.0	0.04474897743524425	0.04474897743524425
260	bc1008	Pyridoxal	Microbe	-0.0020024709814999994	7.922429940084124e-06	0.0020024709814999994	-1.0	0.04474897743524425	-0.04474897743524425
261	Pyridoxal	bc1008	Metabolite	0.0020024709814999994	7.922429940084124e-06	0.0020024709814999994	1.0	0.04474897743524425	0.04474897743524425
262	bc1008	Riboflavin	Microbe	-0.006007422645	7.130190725494477e-05	0.006007422645	-1.0	0.07750756508238406	-0.07750756508238406
263	Riboflavin	bc1008	Metabolite	0.006007422645	7.130190725494477e-05	0.006007422645	1.0	0.07750756508238406	0.07750756508238406
264	bc1008	S-Adenosyl-L-methionine	Microbe	-0.0020024709814999994	7.922429940084124e-06	0.0020024709814999994	-1.0	0.04474897743524425	-0.04474897743524425
265	S-Adenosyl-L-methionine	bc1008	Metabolite	0.0020024709814999994	7.922429940084124e-06	0.0020024709814999994	1.0	0.04474897743524425	0.04474897743524425
266	bc1008	Spermidine	Microbe	-0.0020024709814999994	7.922429940084124e-06	0.0020024709814999994	-1.0	0.04474897743524425	-0.04474897743524425
267	Spermidine	bc1008	Metabolite	0.0020024709814999994	7.922429940084124e-06	0.0020024709814999994	1.0	0.04474897743524425	0.04474897743524425
268	bc1008	Succinate	Microbe	0.042791136614999996	0.003617698303964151	0.042791136614999996	1.0	0.2068601861523865	0.2068601861523865
269	bc1008	Sulfate	Microbe	-0.0020024709814999994	7.922429940084124e-06	0.0020024709814999994	-1.0	0.04474897743524425	-0.04474897743524425
270	Sulfate	bc1008	Metabolite	0.0020024709814999994	7.922429940084124e-06	0.0020024709814999994	1.0	0.04474897743524425	0.04474897743524425
271	bc1008	TRHL	Microbe	-0.04226772026949999	0.003529736924076443	0.04226772026949999	-1.0	0.20559114832477587	-0.20559114832477587
272	TRHL	bc1008	Metabolite	0.04226772026949999	0.003529736924076443	0.04226772026949999	1.0	0.20559114832477587	0.20559114832477587
273	bc1008	TTP	Microbe	-0.014247434765999998	0.0004010495866932898	0.014247434765999998	-1.0	0.11936261879667351	-0.11936261879667351
274	TTP	bc1008	Metabolite	0.014247434765999998	0.0004010495866932898	0.014247434765999998	1.0	0.11936261879667351	0.11936261879667351
275	bc1008	Thiamin	Microbe	-0.0020024709814999994	7.922429940084124e-06	0.0020024709814999994	-1.0	0.04474897743524425	-0.04474897743524425
276	Thiamin	bc1008	Metabolite	0.0020024709814999994	7.922429940084124e-06	0.0020024709814999994	1.0	0.04474897743524425	0.04474897743524425
277	bc1008	Uridine	Microbe	-0.0668201061245	0.008821431330393715	0.0668201061245	-1.0	0.2584958532056172	-0.2584958532056172
278	Uridine	bc1008	Metabolite	0.0668201061245	0.008821431330393715	0.0668201061245	1.0	0.2584958532056172	0.2584958532056172
279	bc1008	Zn2+	Microbe	-0.0020024709814999994	7.922429940084124e-06	0.0020024709814999994	-1.0	0.04474897743524425	-0.04474897743524425
280	Zn2+	bc1008	Metabolite	0.0020024709814999994	7.922429940084124e-06	0.0020024709814999994	1.0	0.04474897743524425	0.04474897743524425
281	bc1008	dATP	Microbe	-0.015248671873499998	0.0004593975901225604	0.015248671873499998	-1.0	0.12348551280818329	-0.12348551280818329
282	dATP	bc1008	Metabolite	0.015248671873499998	0.0004593975901225604	0.015248671873499998	1.0	0.12348551280818329	0.12348551280818329
283	bc1008	dGTP	Microbe	-0.008620171482499998	0.00014681028476564857	0.008620171482499998	-1.0	0.09284487860135311	-0.09284487860135311
284	dGTP	bc1008	Metabolite	0.008620171482499998	0.00014681028476564857	0.008620171482499998	1.0	0.09284487860135311	0.09284487860135311
285	bc1008	ddca	Microbe	-0.033692643178	0.0022428224410176566	0.033692643178	-1.0	0.18355555883165184	-0.18355555883165184
286	ddca	bc1008	Metabolite	0.033692643178	0.0022428224410176566	0.033692643178	1.0	0.18355555883165184	0.18355555883165184
287	bc1008	fe3	Microbe	-0.006007422645	7.130190725494477e-05	0.006007422645	-1.0	0.07750756508238406	-0.07750756508238406
288	fe3	bc1008	Metabolite	0.006007422645	7.130190725494477e-05	0.006007422645	1.0	0.07750756508238406	0.07750756508238406
289	bc1008	hexadecenoate	Microbe	-0.080488728223	0.012799554707460577	0.080488728223	-1.0	0.2837053545899337	-0.2837053545899337
290	hexadecenoate	bc1008	Metabolite	0.080488728223	0.012799554707460577	0.080488728223	1.0	0.2837053545899337	0.2837053545899337
291	bc1008	meso-2,6-Diaminopimelate	Microbe	-0.01784756193	0.0006293357368516532	0.01784756193	-1.0	0.13359476759963318	-0.13359476759963318
292	meso-2,6-Diaminopimelate	bc1008	Metabolite	0.01784756193	0.0006293357368516532	0.01784756193	1.0	0.13359476759963318	0.13359476759963318
293	bc1010	1,2-Diacyl-sn-glycerol dioctadecanoyl	Microbe	-0.19129299988899998	0.06092973701459647	0.19129299988899998	-1.0	0.4373705521511479	-0.4373705521511479
294	1,2-Diacyl-sn-glycerol dioctadecanoyl	bc1010	Metabolite	0.19129299988899998	0.06092973701459647	0.19129299988899998	1.0	0.4373705521511479	0.4373705521511479
295	bc1010	2-Oxoglutarate	Microbe	-0.008617636418499998	0.00012365384311178827	0.008617636418499998	-1.0	0.09283122544973754	-0.09283122544973754
296	2-Oxoglutarate	bc1010	Metabolite	0.008617636418499998	0.00012365384311178827	0.008617636418499998	1.0	0.09283122544973754	0.09283122544973754
297	bc1010	4-Hydroxybenzoate	Microbe	-0.0043088230595	3.0913474331888316e-05	0.0043088230595	-1.0	0.06564162596630281	-0.06564162596630281
298	4-Hydroxybenzoate	bc1010	Metabolite	0.0043088230595	3.0913474331888316e-05	0.0043088230595	1.0	0.06564162596630281	0.06564162596630281
299	bc1010	5-Aminolevulinate	Microbe	-0.034470548907499995	0.001978461332285321	0.034470548907499995	-1.0	0.1856624596074823	-0.1856624596074823
300	5-Aminolevulinate	bc1010	Metabolite	0.034470548907499995	0.001978461332285321	0.034470548907499995	1.0	0.1856624596074823	0.1856624596074823
301	bc1010	AMP	Microbe	-0.11020992203099998	0.020224256235425755	0.11020992203099998	-1.0	0.33197879756243465	-0.33197879756243465
302	AMP	bc1010	Metabolite	0.11020992203099998	0.020224256235425755	0.11020992203099998	1.0	0.33197879756243465	0.33197879756243465
303	bc1010	Acetate	Microbe	8.800479784930001	128.9566850935636	8.800479784930001	1.0	2.9665602614695024	2.9665602614695024
304	bc1010	Adenosine	Microbe	-0.0546545862015	0.004973755348698709	0.0546545862015	-1.0	0.2337832034203912	-0.2337832034203912
305	Adenosine	bc1010	Metabolite	0.0546545862015	0.004973755348698709	0.0546545862015	1.0	0.2337832034203912	0.2337832034203912
306	bc1010	Ala-Ala	Microbe	-0.0384034290895	0.0024556766773686516	0.0384034290895	-1.0	0.19596792872687102	-0.19596792872687102
307	Ala-Ala	bc1010	Metabolite	0.0384034290895	0.0024556766773686516	0.0384034290895	1.0	0.19596792872687102	0.19596792872687102
308	bc1010	BET	Microbe	-0.008617636418499998	0.00012365384311178827	0.008617636418499998	-1.0	0.09283122544973754	-0.09283122544973754
309	BET	bc1010	Metabolite	0.008617636418499998	0.00012365384311178827	0.008617636418499998	1.0	0.09283122544973754	0.09283122544973754
310	bc1010	BIOT	Microbe	-0.0043088230595	3.0913474331888316e-05	0.0043088230595	-1.0	0.06564162596630281	-0.06564162596630281
311	BIOT	bc1010	Metabolite	0.0043088230595	3.0913474331888316e-05	0.0043088230595	1.0	0.06564162596630281	0.06564162596630281
312	bc1010	CMP	Microbe	-0.1291399465885	0.02776849618084737	0.1291399465885	-1.0	0.3593604688728297	-0.3593604688728297
313	CMP	bc1010	Metabolite	0.1291399465885	0.02776849618084737	0.1291399465885	1.0	0.3593604688728297	0.3593604688728297
314	bc1010	CO2	Microbe	11.142127164515001	206.7128062547827	11.142127164515001	1.0	3.3379824991325227	3.3379824991325227
315	bc1010	Ca2+	Microbe	-0.0043088230595	3.0913474331888316e-05	0.0043088230595	-1.0	0.06564162596630281	-0.06564162596630281
316	Ca2+	bc1010	Metabolite	0.0043088230595	3.0913474331888316e-05	0.0043088230595	1.0	0.06564162596630281	0.06564162596630281
317	bc1010	Chorismate	Microbe	-0.008617636418499998	0.00012365384311178827	0.008617636418499998	-1.0	0.09283122544973754	-0.09283122544973754
318	Chorismate	bc1010	Metabolite	0.008617636418499998	0.00012365384311178827	0.008617636418499998	1.0	0.09283122544973754	0.09283122544973754
319	bc1010	Cl-	Microbe	-0.0043088230595	3.0913474331888316e-05	0.0043088230595	-1.0	0.06564162596630281	-0.06564162596630281
320	Cl-	bc1010	Metabolite	0.0043088230595	3.0913474331888316e-05	0.0043088230595	1.0	0.06564162596630281	0.06564162596630281
321	bc1010	Co2+	Microbe	-0.0043088230595	3.0913474331888316e-05	0.0043088230595	-1.0	0.06564162596630281	-0.06564162596630281
322	Co2+	bc1010	Metabolite	0.0043088230595	3.0913474331888316e-05	0.0043088230595	1.0	0.06564162596630281	0.06564162596630281
323	bc1010	CoA	Microbe	-0.008617636418499998	0.00012365384311178827	0.008617636418499998	-1.0	0.09283122544973754	-0.09283122544973754
324	CoA	bc1010	Metabolite	0.008617636418499998	0.00012365384311178827	0.008617636418499998	1.0	0.09283122544973754	0.09283122544973754
325	bc1010	Cu2+	Microbe	-0.0043088230595	3.0913474331888316e-05	0.0043088230595	-1.0	0.06564162596630281	-0.06564162596630281
326	Cu2+	bc1010	Metabolite	0.0043088230595	3.0913474331888316e-05	0.0043088230595	1.0	0.06564162596630281	0.06564162596630281
327	bc1010	D-Arabinose	Microbe	-0.1152102872685	0.022101089786017943	0.1152102872685	-1.0	0.33942640920897715	-0.33942640920897715
328	D-Arabinose	bc1010	Metabolite	0.1152102872685	0.022101089786017943	0.1152102872685	1.0	0.33942640920897715	0.33942640920897715
329	bc1010	D-Glucose	Microbe	-5.6932100827109995	53.96915035326269	5.6932100827109995	-1.0	2.3860448618395673	-2.3860448618395673
330	D-Glucose	bc1010	Metabolite	5.6932100827109995	53.96915035326269	5.6932100827109995	1.0	2.3860448618395673	2.3860448618395673
331	bc1010	Deoxycytidine	Microbe	-0.032482221255	0.0017568009816211056	0.032482221255	-1.0	0.18022824766112552	-0.18022824766112552
332	Deoxycytidine	bc1010	Metabolite	0.032482221255	0.0017568009816211056	0.032482221255	1.0	0.18022824766112552	0.18022824766112552
333	bc1010	Deoxyguanosine	Microbe	-0.0043088230595	3.0913474331888316e-05	0.0043088230595	-1.0	0.06564162596630281	-0.06564162596630281
334	Deoxyguanosine	bc1010	Metabolite	0.0043088230595	3.0913474331888316e-05	0.0043088230595	1.0	0.06564162596630281	0.06564162596630281
335	bc1010	Folate	Microbe	-0.012926459477999997	0.00027822118766333213	0.012926459477999997	-1.0	0.11369458860473526	-0.11369458860473526
336	Folate	bc1010	Metabolite	0.012926459477999997	0.00027822118766333213	0.012926459477999997	1.0	0.11369458860473526	0.11369458860473526
337	bc1010	Fumarate	Microbe	-0.0043088230595	3.0913474331888316e-05	0.0043088230595	-1.0	0.06564162596630281	-0.06564162596630281
338	Fumarate	bc1010	Metabolite	0.0043088230595	3.0913474331888316e-05	0.0043088230595	1.0	0.06564162596630281	0.06564162596630281
339	bc1010	GTP	Microbe	-0.20791531429849996	0.07197871907683177	0.20791531429849996	-1.0	0.45597731774563083	-0.45597731774563083
340	GTP	bc1010	Metabolite	0.20791531429849996	0.07197871907683177	0.20791531429849996	1.0	0.45597731774563083	0.45597731774563083
341	bc1010	Glycerol	Microbe	-0.09564649671099999	0.015232434561874307	0.09564649671099999	-1.0	0.3092676780897092	-0.3092676780897092
342	Glycerol	bc1010	Metabolite	0.09564649671099999	0.015232434561874307	0.09564649671099999	1.0	0.3092676780897092	0.3092676780897092
343	bc1010	Glycine	Microbe	-0.765662773719	0.9761267836129861	0.765662773719	-1.0	0.8750215847160572	-0.8750215847160572
344	Glycine	bc1010	Metabolite	0.765662773719	0.9761267836129861	0.765662773719	1.0	0.8750215847160572	0.8750215847160572
345	bc1010	H+	Microbe	7.898953961721999	103.88918187811933	7.898953961721999	1.0	2.8105077764919986	2.8105077764919986
346	bc1010	H2O	Microbe	20.4924824143135	699.2304025281544	20.4924824143135	1.0	4.526862314485995	4.526862314485995
347	bc1010	Heme	Microbe	-0.0043088230595	3.0913474331888316e-05	0.0043088230595	-1.0	0.06564162596630281	-0.06564162596630281
348	Heme	bc1010	Metabolite	0.0043088230595	3.0913474331888316e-05	0.0043088230595	1.0	0.06564162596630281	0.06564162596630281
349	bc1010	K+	Microbe	-0.0043088230595	3.0913474331888316e-05	0.0043088230595	-1.0	0.06564162596630281	-0.06564162596630281
350	K+	bc1010	Metabolite	0.0043088230595	3.0913474331888316e-05	0.0043088230595	1.0	0.06564162596630281	0.06564162596630281
351	bc1010	L-Alanine	Microbe	-0.695490785926	0.805404262347192	0.695490785926	-1.0	0.8339609019168704	-0.8339609019168704
352	L-Alanine	bc1010	Metabolite	0.695490785926	0.805404262347192	0.695490785926	1.0	0.8339609019168704	0.8339609019168704
353	bc1010	L-Arginine	Microbe	-0.37879958421199994	0.2389186989385576	0.37879958421199994	-1.0	0.6154669643547084	-0.6154669643547084
354	L-Arginine	bc1010	Metabolite	0.37879958421199994	0.2389186989385576	0.37879958421199994	1.0	0.6154669643547084	0.6154669643547084
355	bc1010	L-Asparagine	Microbe	-0.30837294212649996	0.158337467029838	0.30837294212649996	-1.0	0.5553133729044349	-0.5553133729044349
356	L-Asparagine	bc1010	Metabolite	0.30837294212649996	0.158337467029838	0.30837294212649996	1.0	0.5553133729044349	0.5553133729044349
357	bc1010	L-Aspartate	Microbe	-0.30837294212649996	0.158337467029838	0.30837294212649996	-1.0	0.5553133729044349	-0.5553133729044349
358	L-Aspartate	bc1010	Metabolite	0.30837294212649996	0.158337467029838	0.30837294212649996	1.0	0.5553133729044349	0.5553133729044349
359	bc1010	L-Cysteine	Microbe	-0.116921891991	0.022762649781079662	0.116921891991	-1.0	0.34193843304168076	-0.34193843304168076
360	L-Cysteine	bc1010	Metabolite	0.116921891991	0.022762649781079662	0.116921891991	1.0	0.34193843304168076	0.34193843304168076
361	bc1010	L-Glutamate	Microbe	-0.21688774003749997	0.07832513809732762	0.21688774003749997	-1.0	0.4657120784749951	-0.4657120784749951
362	L-Glutamate	bc1010	Metabolite	0.21688774003749997	0.07832513809732762	0.21688774003749997	1.0	0.4657120784749951	0.4657120784749951
363	bc1010	L-Glutamine	Microbe	-0.49432938331599996	0.40687781726243566	0.49432938331599996	-1.0	0.7030856159217026	-0.7030856159217026
364	L-Glutamine	bc1010	Metabolite	0.49432938331599996	0.40687781726243566	0.49432938331599996	1.0	0.7030856159217026	0.7030856159217026
365	bc1010	L-Histidine	Microbe	-0.12170816719349999	0.02466440298151827	0.12170816719349999	-1.0	0.34886697635846814	-0.34886697635846814
366	L-Histidine	bc1010	Metabolite	0.12170816719349999	0.02466440298151827	0.12170816719349999	1.0	0.34886697635846814	0.34886697635846814
367	bc1010	L-Isoleucine	Microbe	-0.37127829183649996	0.22952514458161508	0.37127829183649996	-1.0	0.6093260964676468	-0.6093260964676468
368	L-Isoleucine	bc1010	Metabolite	0.37127829183649996	0.22952514458161508	0.37127829183649996	1.0	0.6093260964676468	0.6093260964676468
369	bc1010	L-Leucine	Microbe	-0.576404414903	0.5532045687891265	0.576404414903	-1.0	0.7592130234018645	-0.7592130234018645
370	L-Leucine	bc1010	Metabolite	0.576404414903	0.5532045687891265	0.576404414903	1.0	0.7592130234018645	0.7592130234018645
371	bc1010	L-Lysine	Microbe	-0.43828615437199997	0.31985023047492533	0.43828615437199997	-1.0	0.6620318378839495	-0.6620318378839495
372	L-Lysine	bc1010	Metabolite	0.43828615437199997	0.31985023047492533	0.43828615437199997	1.0	0.6620318378839495	0.6620318378839495
373	bc1010	L-Methionine	Microbe	-0.187619692153	0.05861219628444187	0.187619692153	-1.0	0.43315088843611993	-0.43315088843611993
374	L-Methionine	bc1010	Metabolite	0.187619692153	0.05861219628444187	0.187619692153	1.0	0.43315088843611993	0.43315088843611993
375	bc1010	L-Phenylalanine	Microbe	-0.2372625538315	0.09373236255138512	0.2372625538315	-1.0	0.48709604169147175	-0.48709604169147175
376	L-Phenylalanine	bc1010	Metabolite	0.2372625538315	0.09373236255138512	0.2372625538315	1.0	0.48709604169147175	0.48709604169147175
377	bc1010	L-Proline	Microbe	-0.28307405429399995	0.13342318253563804	0.28307405429399995	-1.0	0.5320470414296089	-0.5320470414296089
378	L-Proline	bc1010	Metabolite	0.28307405429399995	0.13342318253563804	0.28307405429399995	1.0	0.5320470414296089	0.5320470414296089
379	bc1010	L-Serine	Microbe	-0.3319936499259999	0.18352309179437706	0.3319936499259999	-1.0	0.5761889012520112	-0.5761889012520112
380	L-Serine	bc1010	Metabolite	0.3319936499259999	0.18352309179437706	0.3319936499259999	1.0	0.5761889012520112	0.5761889012520112
381	bc1010	L-Threonine	Microbe	-0.324099279554	0.17489898775667168	0.324099279554	-1.0	0.5692971803495956	-0.5692971803495956
382	L-Threonine	bc1010	Metabolite	0.324099279554	0.17489898775667168	0.324099279554	1.0	0.5692971803495956	0.5692971803495956
383	bc1010	L-Tryptophan	Microbe	-0.0724778968815	0.008746661550095456	0.0724778968815	-1.0	0.26921719276728967	-0.26921719276728967
384	L-Tryptophan	bc1010	Metabolite	0.0724778968815	0.008746661550095456	0.0724778968815	1.0	0.26921719276728967	0.26921719276728967
385	bc1010	L-Tyrosine	Microbe	-0.18529726634649998	0.05717013217998009	0.18529726634649998	-1.0	0.430461689754733	-0.430461689754733
386	L-Tyrosine	bc1010	Metabolite	0.18529726634649998	0.05717013217998009	0.18529726634649998	1.0	0.430461689754733	0.430461689754733
387	bc1010	L-Valine	Microbe	-0.5408492207554999	0.4870612476894638	0.5408492207554999	-1.0	0.7354245173744889	-0.7354245173744889
388	L-Valine	bc1010	Metabolite	0.5408492207554999	0.4870612476894638	0.5408492207554999	1.0	0.7354245173744889	0.7354245173744889
389	bc1010	Mg	Microbe	-0.0043088230595	3.0913474331888316e-05	0.0043088230595	-1.0	0.06564162596630281	-0.06564162596630281
390	Mg	bc1010	Metabolite	0.0043088230595	3.0913474331888316e-05	0.0043088230595	1.0	0.06564162596630281	0.06564162596630281
391	bc1010	Mn2+	Microbe	-0.0043088230595	3.0913474331888316e-05	0.0043088230595	-1.0	0.06564162596630281	-0.06564162596630281
392	Mn2+	bc1010	Metabolite	0.0043088230595	3.0913474331888316e-05	0.0043088230595	1.0	0.06564162596630281	0.06564162596630281
393	bc1010	Myristic acid	Microbe	-0.10425026788149998	0.01809612262638852	0.10425026788149998	-1.0	0.322878100653327	-0.322878100653327
394	Myristic acid	bc1010	Metabolite	0.10425026788149998	0.01809612262638852	0.10425026788149998	1.0	0.322878100653327	0.322878100653327
395	bc1010	NADP	Microbe	-0.008617636418499998	0.00012365384311178827	0.008617636418499998	-1.0	0.09283122544973754	-0.09283122544973754
396	NADP	bc1010	Metabolite	0.008617636418499998	0.00012365384311178827	0.008617636418499998	1.0	0.09283122544973754	0.09283122544973754
397	bc1010	NH3	Microbe	0.0043088230595	3.0913474331888316e-05	0.0043088230595	1.0	0.06564162596630281	0.06564162596630281
398	bc1010	Niacin	Microbe	0.0043088230595	3.0913474331888316e-05	0.0043088230595	1.0	0.06564162596630281	0.06564162596630281
399	bc1010	Nicotinamide ribonucleotide	Microbe	-0.0043088230595	3.0913474331888316e-05	0.0043088230595	-1.0	0.06564162596630281	-0.06564162596630281
400	Nicotinamide ribonucleotide	bc1010	Metabolite	0.0043088230595	3.0913474331888316e-05	0.0043088230595	1.0	0.06564162596630281	0.06564162596630281
401	bc1010	Nitrite	Microbe	0.017235272836999996	0.0004946153724471531	0.017235272836999996	1.0	0.13128317804273323	0.13128317804273323
402	bc1010	O2	Microbe	-10.066816974344999	168.73901377324376	10.066816974344999	-1.0	3.1728247626279327	-3.1728247626279327
403	O2	bc1010	Metabolite	10.066816974344999	168.73901377324376	10.066816974344999	1.0	3.1728247626279327	3.1728247626279327
404	bc1010	Oxidized glutathione	Microbe	-0.002154409913	7.728373504954417e-06	0.002154409913	-1.0	0.04641562143287538	-0.04641562143287538
405	Oxidized glutathione	bc1010	Metabolite	0.002154409913	7.728373504954417e-06	0.002154409913	1.0	0.04641562143287538	0.04641562143287538
406	bc1010	Putrescine	Microbe	-0.0043088230595	3.0913474331888316e-05	0.0043088230595	-1.0	0.06564162596630281	-0.06564162596630281
407	Putrescine	bc1010	Metabolite	0.0043088230595	3.0913474331888316e-05	0.0043088230595	1.0	0.06564162596630281	0.06564162596630281
408	bc1010	Pyridoxal	Microbe	-0.0043088230595	3.0913474331888316e-05	0.0043088230595	-1.0	0.06564162596630281	-0.06564162596630281
409	Pyridoxal	bc1010	Metabolite	0.0043088230595	3.0913474331888316e-05	0.0043088230595	1.0	0.06564162596630281	0.06564162596630281
410	bc1010	Riboflavin	Microbe	-0.012926459477999997	0.00027822118766333213	0.012926459477999997	-1.0	0.11369458860473526	-0.11369458860473526
411	Riboflavin	bc1010	Metabolite	0.012926459477999997	0.00027822118766333213	0.012926459477999997	1.0	0.11369458860473526	0.11369458860473526
412	bc1010	S-Adenosyl-L-methionine	Microbe	-0.012926459477999997	0.00027822118766333213	0.012926459477999997	-1.0	0.11369458860473526	-0.11369458860473526
413	S-Adenosyl-L-methionine	bc1010	Metabolite	0.012926459477999997	0.00027822118766333213	0.012926459477999997	1.0	0.11369458860473526	0.11369458860473526
414	bc1010	Spermidine	Microbe	-0.0043088230595	3.0913474331888316e-05	0.0043088230595	-1.0	0.06564162596630281	-0.06564162596630281
415	Spermidine	bc1010	Metabolite	0.0043088230595	3.0913474331888316e-05	0.0043088230595	1.0	0.06564162596630281	0.06564162596630281
416	bc1010	Succinate	Microbe	0.0043088230595	3.0913474331888316e-05	0.0043088230595	1.0	0.06564162596630281	0.06564162596630281
417	bc1010	Sulfate	Microbe	-0.0043088230595	3.0913474331888316e-05	0.0043088230595	-1.0	0.06564162596630281	-0.06564162596630281
418	Sulfate	bc1010	Metabolite	0.0043088230595	3.0913474331888316e-05	0.0043088230595	1.0	0.06564162596630281	0.06564162596630281
419	bc1010	TRHL	Microbe	-0.09094943053999999	0.013773082680261587	0.09094943053999999	-1.0	0.3015782328683554	-0.3015782328683554
420	TRHL	bc1010	Metabolite	0.09094943053999999	0.013773082680261587	0.09094943053999999	1.0	0.3015782328683554	0.3015782328683554
421	bc1010	TTP	Microbe	-0.016708668260499996	0.00046485234716676097	0.016708668260499996	-1.0	0.12926201398902926	-0.12926201398902926
422	TTP	bc1010	Metabolite	0.016708668260499996	0.00046485234716676097	0.016708668260499996	1.0	0.12926201398902926	0.12926201398902926
423	bc1010	Thiamin	Microbe	-0.0043088230595	3.0913474331888316e-05	0.0043088230595	-1.0	0.06564162596630281	-0.06564162596630281
424	Thiamin	bc1010	Metabolite	0.0043088230595	3.0913474331888316e-05	0.0043088230595	1.0	0.06564162596630281	0.06564162596630281
425	bc1010	UMP	Microbe	-0.1437799605895	0.034421348796715184	0.1437799605895	-1.0	0.3791832809994396	-0.3791832809994396
426	UMP	bc1010	Metabolite	0.1437799605895	0.034421348796715184	0.1437799605895	1.0	0.3791832809994396	0.3791832809994396
427	bc1010	Zn2+	Microbe	-0.0043088230595	3.0913474331888316e-05	0.0043088230595	-1.0	0.06564162596630281	-0.06564162596630281
428	Zn2+	bc1010	Metabolite	0.0043088230595	3.0913474331888316e-05	0.0043088230595	1.0	0.06564162596630281	0.06564162596630281
429	bc1010	dATP	Microbe	-0.016708668260499996	0.00046485234716676097	0.016708668260499996	-1.0	0.12926201398902926	-0.12926201398902926
430	dATP	bc1010	Metabolite	0.016708668260499996	0.00046485234716676097	0.016708668260499996	1.0	0.12926201398902926	0.12926201398902926
431	bc1010	dGTP	Microbe	-0.028173404662499995	0.001321629696510631	0.028173404662499995	-1.0	0.1678493510934731	-0.1678493510934731
432	dGTP	bc1010	Metabolite	0.028173404662499995	0.001321629696510631	0.028173404662499995	1.0	0.1678493510934731	0.1678493510934731
433	bc1010	ddca	Microbe	-0.1261703066555	0.026506077028168512	0.1261703066555	-1.0	0.35520459830286544	-0.35520459830286544
434	ddca	bc1010	Metabolite	0.1261703066555	0.026506077028168512	0.1261703066555	1.0	0.35520459830286544	0.35520459830286544
435	bc1010	fe3	Microbe	-0.012926459477999997	0.00027822118766333213	0.012926459477999997	-1.0	0.11369458860473526	-0.11369458860473526
436	fe3	bc1010	Metabolite	0.012926459477999997	0.00027822118766333213	0.012926459477999997	1.0	0.11369458860473526	0.11369458860473526
437	bc1010	meso-2,6-Diaminopimelate	Microbe	-0.0384034290895	0.0024556766773686516	0.0384034290895	-1.0	0.19596792872687102	-0.19596792872687102
438	meso-2,6-Diaminopimelate	bc1010	Metabolite	0.0384034290895	0.0024556766773686516	0.0384034290895	1.0	0.19596792872687102	0.19596792872687102
439	bc1001	1,2-Diacyl-sn-glycerol dioctadecanoyl	Microbe	-0.1910822823945	0.06079548155328653	0.1910822823945	-1.0	0.43712959450773864	-0.43712959450773864
440	1,2-Diacyl-sn-glycerol dioctadecanoyl	bc1001	Metabolite	0.1910822823945	0.06079548155328653	0.1910822823945	1.0	0.43712959450773864	0.43712959450773864
441	bc1001	4-Hydroxybenzoate	Microbe	-0.004304073047999999	3.0845361574352246e-05	0.004304073047999999	-1.0	0.06560543459196044	-0.06560543459196044
442	4-Hydroxybenzoate	bc1001	Metabolite	0.004304073047999999	3.0845361574352246e-05	0.004304073047999999	1.0	0.06560543459196044	0.06560543459196044
443	bc1001	5-Aminolevulinate	Microbe	-0.0344325811505	0.0019741019208629053	0.0344325811505	-1.0	0.1855601820178564	-0.1855601820178564
444	5-Aminolevulinate	bc1001	Metabolite	0.0344325811505	0.0019741019208629053	0.0344325811505	1.0	0.1855601820178564	0.1855601820178564
445	bc1001	AMP	Microbe	-0.11895495511599997	0.023561099632461936	0.11895495511599997	-1.0	0.34489847073595437	-0.34489847073595437
446	AMP	bc1001	Metabolite	0.11895495511599997	0.023561099632461936	0.11895495511599997	1.0	0.34489847073595437	0.34489847073595437
447	bc1001	Acetate	Microbe	8.9488688022875	133.3419313687618	8.9488688022875	1.0	2.9914659955091416	2.9914659955091416
448	bc1001	Adenosine	Microbe	-0.0457279468225	0.0034817205401875225	0.0457279468225	-1.0	0.21384093813510077	-0.21384093813510077
449	Adenosine	bc1001	Metabolite	0.0457279468225	0.0034817205401875225	0.0457279468225	1.0	0.21384093813510077	0.21384093813510077
450	bc1001	Ala-Ala	Microbe	-0.038361128442499996	0.0024502656746195023	0.038361128442499996	-1.0	0.19585997151664247	-0.19585997151664247
451	Ala-Ala	bc1001	Metabolite	0.038361128442499996	0.0024502656746195023	0.038361128442499996	1.0	0.19585997151664247	0.19585997151664247
452	bc1001	BET	Microbe	-0.008608146095999998	0.00012338142311289063	0.008608146095999998	-1.0	0.09278009536533145	-0.09278009536533145
453	BET	bc1001	Metabolite	0.008608146095999998	0.00012338142311289063	0.008608146095999998	1.0	0.09278009536533145	0.09278009536533145
454	bc1001	BIOT	Microbe	-0.004304073047999999	3.0845361574352246e-05	0.004304073047999999	-1.0	0.06560543459196044	-0.06560543459196044
455	BIOT	bc1001	Metabolite	0.004304073047999999	3.0845361574352246e-05	0.004304073047999999	1.0	0.06560543459196044	0.06560543459196044
456	bc1001	CMP	Microbe	-0.12899769198949998	0.027707309208990484	0.12899769198949998	-1.0	0.3591624868906829	-0.3591624868906829
457	CMP	bc1001	Metabolite	0.12899769198949998	0.027707309208990484	0.12899769198949998	1.0	0.3591624868906829	0.3591624868906829
458	bc1001	CO2	Microbe	11.118539777932998	205.83819622465305	11.118539777932998	1.0	3.3344474471691705	3.3344474471691705
459	bc1001	Ca2+	Microbe	-0.004304073047999999	3.0845361574352246e-05	0.004304073047999999	-1.0	0.06560543459196044	-0.06560543459196044
460	Ca2+	bc1001	Metabolite	0.004304073047999999	3.0845361574352246e-05	0.004304073047999999	1.0	0.06560543459196044	0.06560543459196044
461	bc1001	Chorismate	Microbe	-0.008608146095999998	0.00012338142311289063	0.008608146095999998	-1.0	0.09278009536533145	-0.09278009536533145
462	Chorismate	bc1001	Metabolite	0.008608146095999998	0.00012338142311289063	0.008608146095999998	1.0	0.09278009536533145	0.09278009536533145
463	bc1001	Cl-	Microbe	-0.004304073047999999	3.0845361574352246e-05	0.004304073047999999	-1.0	0.06560543459196044	-0.06560543459196044
464	Cl-	bc1001	Metabolite	0.004304073047999999	3.0845361574352246e-05	0.004304073047999999	1.0	0.06560543459196044	0.06560543459196044
465	bc1001	Co2+	Microbe	-0.004304073047999999	3.0845361574352246e-05	0.004304073047999999	-1.0	0.06560543459196044	-0.06560543459196044
466	Co2+	bc1001	Metabolite	0.004304073047999999	3.0845361574352246e-05	0.004304073047999999	1.0	0.06560543459196044	0.06560543459196044
467	bc1001	CoA	Microbe	-0.008608146095999998	0.00012338142311289063	0.008608146095999998	-1.0	0.09278009536533145	-0.09278009536533145
468	CoA	bc1001	Metabolite	0.008608146095999998	0.00012338142311289063	0.008608146095999998	1.0	0.09278009536533145	0.09278009536533145
469	bc1001	Cu2+	Microbe	-0.004304073047999999	3.0845361574352246e-05	0.004304073047999999	-1.0	0.06560543459196044	-0.06560543459196044
470	Cu2+	bc1001	Metabolite	0.004304073047999999	3.0845361574352246e-05	0.004304073047999999	1.0	0.06560543459196044	0.06560543459196044
471	bc1001	D-Arabinose	Microbe	-0.11508337886049999	0.02205238982171767	0.11508337886049999	-1.0	0.33923941230420146	-0.33923941230420146
472	D-Arabinose	bc1001	Metabolite	0.11508337886049999	0.02205238982171767	0.11508337886049999	1.0	0.33923941230420146	0.33923941230420146
473	bc1001	D-Glucose	Microbe	-5.523533259900499	50.8000811651186	5.523533259900499	-1.0	2.350219832249847	-2.350219832249847
474	D-Glucose	bc1001	Metabolite	5.523533259900499	50.8000811651186	5.523533259900499	1.0	2.350219832249847	2.350219832249847
475	bc1001	Deoxycytidine	Microbe	-0.035397848803999994	0.0020863361172019216	0.035397848803999994	-1.0	0.18814316039654483	-0.18814316039654483
476	Deoxycytidine	bc1001	Metabolite	0.035397848803999994	0.0020863361172019216	0.035397848803999994	1.0	0.18814316039654483	0.18814316039654483
477	bc1001	Deoxyguanosine	Microbe	-0.004304073047999999	3.0845361574352246e-05	0.004304073047999999	-1.0	0.06560543459196044	-0.06560543459196044
478	Deoxyguanosine	bc1001	Metabolite	0.004304073047999999	3.0845361574352246e-05	0.004304073047999999	1.0	0.06560543459196044	0.06560543459196044
479	bc1001	Folate	Microbe	-0.0129122159105	0.0002776080549380242	0.0129122159105	-1.0	0.11363193173795823	-0.11363193173795823
480	Folate	bc1001	Metabolite	0.0129122159105	0.0002776080549380242	0.0129122159105	1.0	0.11363193173795823	0.11363193173795823
481	bc1001	Formate	Microbe	-0.004304073047999999	3.0845361574352246e-05	0.004304073047999999	-1.0	0.06560543459196044	-0.06560543459196044
482	Formate	bc1001	Metabolite	0.004304073047999999	3.0845361574352246e-05	0.004304073047999999	1.0	0.06560543459196044	0.06560543459196044
483	bc1001	GTP	Microbe	-0.20768629196049998	0.07182011799683459	0.20768629196049998	-1.0	0.4557261150740651	-0.4557261150740651
484	GTP	bc1001	Metabolite	0.20768629196049998	0.07182011799683459	0.20768629196049998	1.0	0.4557261150740651	0.4557261150740651
485	bc1001	Glycerol	Microbe	-0.09554113958049999	0.015198869908561195	0.09554113958049999	-1.0	0.30909729791847096	-0.30909729791847096
486	Glycerol	bc1001	Metabolite	0.09554113958049999	0.015198869908561195	0.09554113958049999	1.0	0.30909729791847096	0.30909729791847096
487	bc1001	Glycine	Microbe	-0.7691234497284999	0.9849690055707437	0.7691234497284999	-1.0	0.8769968356433789	-0.8769968356433789
488	Glycine	bc1001	Metabolite	0.7691234497284999	0.9849690055707437	0.7691234497284999	1.0	0.8769968356433789	0.8769968356433789
489	bc1001	H+	Microbe	7.8860311949009985	103.54936507318692	7.8860311949009985	1.0	2.808207826159061	2.808207826159061
490	bc1001	H2O	Microbe	20.318056960707498	687.3766992789382	20.318056960707498	1.0	4.50755554161094	4.50755554161094
491	bc1001	Heme	Microbe	-0.004304073047999999	3.0845361574352246e-05	0.004304073047999999	-1.0	0.06560543459196044	-0.06560543459196044
492	Heme	bc1001	Metabolite	0.004304073047999999	3.0845361574352246e-05	0.004304073047999999	1.0	0.06560543459196044	0.06560543459196044
493	bc1001	K+	Microbe	-0.004304073047999999	3.0845361574352246e-05	0.004304073047999999	-1.0	0.06560543459196044	-0.06560543459196044
494	K+	bc1001	Metabolite	0.004304073047999999	3.0845361574352246e-05	0.004304073047999999	1.0	0.06560543459196044	0.06560543459196044
495	bc1001	L-Alanine	Microbe	-0.694724685705	0.8036295913225304	0.694724685705	-1.0	0.8335014611294932	-0.8335014611294932
496	L-Alanine	bc1001	Metabolite	0.694724685705	0.8036295913225304	0.694724685705	1.0	0.8335014611294932	0.8335014611294932
497	bc1001	L-Arginine	Microbe	-0.3783823204379999	0.23839224956975041	0.3783823204379999	-1.0	0.6151278894977856	-0.6151278894977856
498	L-Arginine	bc1001	Metabolite	0.3783823204379999	0.23839224956975041	0.3783823204379999	1.0	0.6151278894977856	0.6151278894977856
499	bc1001	L-Asparagine	Microbe	-0.3080332629514999	0.15798858056586168	0.3080332629514999	-1.0	0.5550074440505279	-0.5550074440505279
500	L-Asparagine	bc1001	Metabolite	0.3080332629514999	0.15798858056586168	0.3080332629514999	1.0	0.5550074440505279	0.5550074440505279
501	bc1001	L-Aspartate	Microbe	-0.3080332629514999	0.15798858056586168	0.3080332629514999	-1.0	0.5550074440505279	-0.5550074440505279
502	L-Aspartate	bc1001	Metabolite	0.3080332629514999	0.15798858056586168	0.3080332629514999	1.0	0.5550074440505279	0.5550074440505279
503	bc1001	L-Cysteine	Microbe	-0.11679309845249998	0.022712493509304023	0.11679309845249998	-1.0	0.34175005260058117	-0.34175005260058117
504	L-Cysteine	bc1001	Metabolite	0.11679309845249998	0.022712493509304023	0.11679309845249998	1.0	0.34175005260058117	0.34175005260058117
505	bc1001	L-Glutamate	Microbe	-0.39161370543299995	0.2553560891819171	0.39161370543299995	-1.0	0.6257904644791258	-0.6257904644791258
506	L-Glutamate	bc1001	Metabolite	0.39161370543299995	0.2553560891819171	0.39161370543299995	1.0	0.6257904644791258	0.6257904644791258
507	bc1001	L-Glutamine	Microbe	-0.32742814193599995	0.17850996216576945	0.32742814193599995	-1.0	0.5722133709867325	-0.5722133709867325
508	L-Glutamine	bc1001	Metabolite	0.32742814193599995	0.17850996216576945	0.32742814193599995	1.0	0.5722133709867325	0.5722133709867325
509	bc1001	L-Histidine	Microbe	-0.12157410628349999	0.024610056934948974	0.12157410628349999	-1.0	0.3486747858442018	-0.3486747858442018
510	L-Histidine	bc1001	Metabolite	0.12157410628349999	0.024610056934948974	0.12157410628349999	1.0	0.3486747858442018	0.3486747858442018
511	bc1001	L-Isoleucine	Microbe	-0.37086931552299995	0.22901939798542742	0.37086931552299995	-1.0	0.6089904067577747	-0.6089904067577747
512	L-Isoleucine	bc1001	Metabolite	0.37086931552299995	0.22901939798542742	0.37086931552299995	1.0	0.6089904067577747	0.6089904067577747
513	bc1001	L-Leucine	Microbe	-0.57576949131	0.5519856124769117	0.57576949131	-1.0	0.7587947623106001	-0.7587947623106001
514	L-Leucine	bc1001	Metabolite	0.57576949131	0.5519856124769117	0.57576949131	1.0	0.7587947623106001	0.7587947623106001
515	bc1001	L-Lysine	Microbe	-0.4378033701875	0.31914545700575025	0.4378033701875	-1.0	0.6616671143312927	-0.6616671143312927
516	L-Lysine	bc1001	Metabolite	0.4378033701875	0.31914545700575025	0.4378033701875	1.0	0.6616671143312927	0.6616671143312927
517	bc1001	L-Methionine	Microbe	-0.18741301976699998	0.05848304677354604	0.18741301976699998	-1.0	0.4329122541197003	-0.4329122541197003
518	L-Methionine	bc1001	Metabolite	0.18741301976699998	0.05848304677354604	0.18741301976699998	1.0	0.4329122541197003	0.4329122541197003
519	bc1001	L-Phenylalanine	Microbe	-0.23700119972699998	0.09352582636551289	0.23700119972699998	-1.0	0.48682768997562165	-0.48682768997562165
520	L-Phenylalanine	bc1001	Metabolite	0.23700119972699998	0.09352582636551289	0.23700119972699998	1.0	0.48682768997562165	0.48682768997562165
521	bc1001	L-Proline	Microbe	-0.28276224142199996	0.13312918808980492	0.28276224142199996	-1.0	0.5317539293902772	-0.5317539293902772
522	L-Proline	bc1001	Metabolite	0.28276224142199996	0.13312918808980492	0.28276224142199996	1.0	0.5317539293902772	0.5317539293902772
523	bc1001	L-Serine	Microbe	-0.3273238777284999	0.17839629559356385	0.3273238777284999	-1.0	0.5721222576761893	-0.5721222576761893
524	L-Serine	bc1001	Metabolite	0.3273238777284999	0.17839629559356385	0.3273238777284999	1.0	0.5721222576761893	0.5721222576761893
525	bc1001	L-Threonine	Microbe	-0.32374227528599997	0.17451360463470364	0.32374227528599997	-1.0	0.5689835457076066	-0.5689835457076066
526	L-Threonine	bc1001	Metabolite	0.32374227528599997	0.17451360463470364	0.32374227528599997	1.0	0.5689835457076066	0.5689835457076066
527	bc1001	L-Tryptophan	Microbe	-0.07239806176649999	0.00872738920567357	0.07239806176649999	-1.0	0.26906887922333195	-0.26906887922333195
528	L-Tryptophan	bc1001	Metabolite	0.07239806176649999	0.00872738920567357	0.07239806176649999	1.0	0.26906887922333195	0.26906887922333195
529	bc1001	L-Tyrosine	Microbe	-0.185093158126	0.057044159025262775	0.185093158126	-1.0	0.4302245438442581	-0.4302245438442581
530	L-Tyrosine	bc1001	Metabolite	0.185093158126	0.057044159025262775	0.185093158126	1.0	0.4302245438442581	0.4302245438442581
531	bc1001	L-Valine	Microbe	-0.5402534613145	0.48598802649222694	0.5402534613145	-1.0	0.7350193611834317	-0.7350193611834317
532	L-Valine	bc1001	Metabolite	0.5402534613145	0.48598802649222694	0.5402534613145	1.0	0.7350193611834317	0.7350193611834317
533	bc1001	Mg	Microbe	-0.004304073047999999	3.0845361574352246e-05	0.004304073047999999	-1.0	0.06560543459196044	-0.06560543459196044
534	Mg	bc1001	Metabolite	0.004304073047999999	3.0845361574352246e-05	0.004304073047999999	1.0	0.06560543459196044	0.06560543459196044
535	bc1001	Mn2+	Microbe	-0.004304073047999999	3.0845361574352246e-05	0.004304073047999999	-1.0	0.06560543459196044	-0.06560543459196044
536	Mn2+	bc1001	Metabolite	0.004304073047999999	3.0845361574352246e-05	0.004304073047999999	1.0	0.06560543459196044	0.06560543459196044
537	bc1001	Myristic acid	Microbe	-0.1157838713665	0.022321664624855193	0.1157838713665	-1.0	0.34027029163078576	-0.34027029163078576
538	Myristic acid	bc1001	Metabolite	0.1157838713665	0.022321664624855193	0.1157838713665	1.0	0.34027029163078576	0.34027029163078576
539	bc1001	N-Acetyl-D-glucosamine	Microbe	-0.15774858035099995	0.04143443006102775	0.15774858035099995	-1.0	0.3971757549888965	-0.3971757549888965
540	N-Acetyl-D-glucosamine	bc1001	Metabolite	0.15774858035099995	0.04143443006102775	0.15774858035099995	1.0	0.3971757549888965	0.3971757549888965
541	bc1001	NADP	Microbe	-0.008608146095999998	0.00012338142311289063	0.008608146095999998	-1.0	0.09278009536533145	-0.09278009536533145
542	NADP	bc1001	Metabolite	0.008608146095999998	0.00012338142311289063	0.008608146095999998	1.0	0.09278009536533145	0.09278009536533145
543	bc1001	Niacin	Microbe	0.004304073047999999	3.0845361574352246e-05	0.004304073047999999	1.0	0.06560543459196044	0.06560543459196044
544	bc1001	Nicotinamide ribonucleotide	Microbe	-0.004304073047999999	3.0845361574352246e-05	0.004304073047999999	-1.0	0.06560543459196044	-0.06560543459196044
545	Nicotinamide ribonucleotide	bc1001	Metabolite	0.004304073047999999	3.0845361574352246e-05	0.004304073047999999	1.0	0.06560543459196044	0.06560543459196044
546	bc1001	Nitrite	Microbe	0.021520365239999995	0.0007711336089759467	0.021520365239999995	1.0	0.14669821144103973	0.14669821144103973
547	bc1001	O2	Microbe	-10.066822684705999	168.73893254186163	10.066822684705999	-1.0	3.1728256625137785	-3.1728256625137785
548	O2	bc1001	Metabolite	10.066822684705999	168.73893254186163	10.066822684705999	1.0	3.1728256625137785	3.1728256625137785
549	bc1001	Oxidized glutathione	Microbe	-0.002152036524	7.711321772524429e-06	0.002152036524	-1.0	0.04639004768266573	-0.04639004768266573
550	Oxidized glutathione	bc1001	Metabolite	0.002152036524	7.711321772524429e-06	0.002152036524	1.0	0.04639004768266573	0.04639004768266573
551	bc1001	Putrescine	Microbe	-0.004304073047999999	3.0845361574352246e-05	0.004304073047999999	-1.0	0.06560543459196044	-0.06560543459196044
552	Putrescine	bc1001	Metabolite	0.004304073047999999	3.0845361574352246e-05	0.004304073047999999	1.0	0.06560543459196044	0.06560543459196044
553	bc1001	Pyridoxal	Microbe	-0.004304073047999999	3.0845361574352246e-05	0.004304073047999999	-1.0	0.06560543459196044	-0.06560543459196044
554	Pyridoxal	bc1001	Metabolite	0.004304073047999999	3.0845361574352246e-05	0.004304073047999999	1.0	0.06560543459196044	0.06560543459196044
555	bc1001	Riboflavin	Microbe	-0.0129122159105	0.0002776080549380242	0.0129122159105	-1.0	0.11363193173795823	-0.11363193173795823
556	Riboflavin	bc1001	Metabolite	0.0129122159105	0.0002776080549380242	0.0129122159105	1.0	0.11363193173795823	0.11363193173795823
557	bc1001	S-Adenosyl-L-methionine	Microbe	-0.0129122159105	0.0002776080549380242	0.0129122159105	-1.0	0.11363193173795823	-0.11363193173795823
558	S-Adenosyl-L-methionine	bc1001	Metabolite	0.0129122159105	0.0002776080549380242	0.0129122159105	1.0	0.11363193173795823	0.11363193173795823
559	bc1001	Spermidine	Microbe	-0.004304073047999999	3.0845361574352246e-05	0.004304073047999999	-1.0	0.06560543459196044	-0.06560543459196044
560	Spermidine	bc1001	Metabolite	0.004304073047999999	3.0845361574352246e-05	0.004304073047999999	1.0	0.06560543459196044	0.06560543459196044
561	bc1001	Sulfate	Microbe	-0.004304073047999999	3.0845361574352246e-05	0.004304073047999999	-1.0	0.06560543459196044	-0.06560543459196044
562	Sulfate	bc1001	Metabolite	0.004304073047999999	3.0845361574352246e-05	0.004304073047999999	1.0	0.06560543459196044	0.06560543459196044
563	bc1001	TRHL	Microbe	-0.09084925024299999	0.013742734285650513	0.09084925024299999	-1.0	0.30141209372385835	-0.30141209372385835
564	TRHL	bc1001	Metabolite	0.09084925024299999	0.013742734285650513	0.09084925024299999	1.0	0.30141209372385835	0.30141209372385835
565	bc1001	TTP	Microbe	-0.013735804527999999	0.0003141511462254698	0.013735804527999999	-1.0	0.11719984866884427	-0.11719984866884427
566	TTP	bc1001	Metabolite	0.013735804527999999	0.0003141511462254698	0.013735804527999999	1.0	0.11719984866884427	0.11719984866884427
567	bc1001	Thiamin	Microbe	-0.004304073047999999	3.0845361574352246e-05	0.004304073047999999	-1.0	0.06560543459196044	-0.06560543459196044
568	Thiamin	bc1001	Metabolite	0.004304073047999999	3.0845361574352246e-05	0.004304073047999999	1.0	0.06560543459196044	0.06560543459196044
569	bc1001	UMP	Microbe	-0.1436215837595	0.034345503056044974	0.1436215837595	-1.0	0.3789743840413228	-0.3789743840413228
570	UMP	bc1001	Metabolite	0.1436215837595	0.034345503056044974	0.1436215837595	1.0	0.3789743840413228	0.3789743840413228
571	bc1001	Zn2+	Microbe	-0.004304073047999999	3.0845361574352246e-05	0.004304073047999999	-1.0	0.06560543459196044	-0.06560543459196044
572	Zn2+	bc1001	Metabolite	0.004304073047999999	3.0845361574352246e-05	0.004304073047999999	1.0	0.06560543459196044	0.06560543459196044
573	bc1001	dATP	Microbe	-0.013735804527999999	0.0003141511462254698	0.013735804527999999	-1.0	0.11719984866884427	-0.11719984866884427
574	dATP	bc1001	Metabolite	0.013735804527999999	0.0003141511462254698	0.013735804527999999	1.0	0.11719984866884427	0.11719984866884427
575	bc1001	dGTP	Microbe	-0.031093778989499995	0.0016098204369236796	0.031093778989499995	-1.0	0.17633428194625114	-0.17633428194625114
576	dGTP	bc1001	Metabolite	0.031093778989499995	0.0016098204369236796	0.031093778989499995	1.0	0.17633428194625114	0.17633428194625114
577	bc1001	ddca	Microbe	-0.11438288635449999	0.02178474938033395	0.11438288635449999	-1.0	0.3382053907827313	-0.3382053907827313
578	ddca	bc1001	Metabolite	0.11438288635449999	0.02178474938033395	0.11438288635449999	1.0	0.3382053907827313	0.3382053907827313
579	bc1001	fe3	Microbe	-0.0129122159105	0.0002776080549380242	0.0129122159105	-1.0	0.11363193173795823	-0.11363193173795823
580	fe3	bc1001	Metabolite	0.0129122159105	0.0002776080549380242	0.0129122159105	1.0	0.11363193173795823	0.11363193173795823
581	bc1001	meso-2,6-Diaminopimelate	Microbe	-0.038361128442499996	0.0024502656746195023	0.038361128442499996	-1.0	0.19585997151664247	-0.19585997151664247
582	meso-2,6-Diaminopimelate	bc1001	Metabolite	0.038361128442499996	0.0024502656746195023	0.038361128442499996	1.0	0.19585997151664247	0.19585997151664247
