	Source	Target	Microbe	Weight	ABS_Weight	Sign_Weight	ABSRootWeight	SignedRootWeight
1	PAN	Phosphate-e0	Clostridium_innocuum_I46	-127.45775495862951	127.45775495862951	-1.0	11.289718993784987	-11.289718993784987
3	L-Glutamate-e0	L-Glutamate-e0	Clostridium_innocuum_I46	-0.9999999999999999	0.9999999999999999	-1.0	0.9999999999999999	-0.9999999999999999
4	D-Glucose-e0	D-Glucose-e0	Clostridium_innocuum_I46	-1.0000000000000004	1.0000000000000004	-1.0	1.0000000000000002	-1.0000000000000002
5	Heme-e0	Heme-e0	Clostridium_innocuum_I46	-1.000000000000001	1.000000000000001	-1.0	1.0000000000000004	-1.0000000000000004
6	PAN	Mn2+-e0	Clostridium_innocuum_I46	-0.9241112603146421	0.9241112603146421	-1.0	0.9613070582881632	-0.9613070582881632
7	PAN	Zn2+-e0	Clostridium_innocuum_I46	-0.9241112603149106	0.9241112603149106	-1.0	0.9613070582883029	-0.9613070582883029
8	L-Aspartate-e0	L-Aspartate-e0	Clostridium_innocuum_I46	-0.9999999999999998	0.9999999999999998	-1.0	0.9999999999999999	-0.9999999999999999
9	PAN	Sulfate-e0	Clostridium_innocuum_I46	-0.9241112603120206	0.9241112603120206	-1.0	0.9613070582867997	-0.9613070582867997
16	PAN	L-Arginine-e0	Clostridium_innocuum_I46	-35.572358341689764	35.572358341689764	-1.0	5.964256730028459	-5.964256730028459
18	L-Glutamate-e0	L-Glutamine-e0	Clostridium_innocuum_I46	0.5000000000012834	0.5000000000012834	1.0	0.7071067811874551	0.7071067811874551
19	Heme-e0	L-Glutamine-e0	Clostridium_innocuum_I46	2.000000000015056	2.000000000015056	1.0	1.4142135623784182	1.4142135623784182
20	L-Aspartate-e0	L-Glutamine-e0	Clostridium_innocuum_I46	-0.49999999999884326	0.49999999999884326	-1.0	0.7071067811857296	-0.7071067811857296
21	Putrescine-e0	L-Glutamine-e0	Clostridium_innocuum_I46	1.0000000000005214	1.0000000000005214	1.0	1.0000000000002607	1.0000000000002607
22	L-Threonine-e0	L-Glutamine-e0	Clostridium_innocuum_I46	0.49999999999966327	0.49999999999966327	1.0	0.7071067811863094	0.7071067811863094
24	Spermidine-e0	L-Glutamine-e0	Clostridium_innocuum_I46	1.0000000000009113	1.0000000000009113	1.0	1.0000000000004556	1.0000000000004556
25	Thiamin-e0	L-Glutamine-e0	Clostridium_innocuum_I46	0.999999999997056	0.999999999997056	1.0	0.999999999998528	0.999999999998528
27	L-Alanine-e0	L-Glutamine-e0	Clostridium_innocuum_I46	0.49999999999980194	0.49999999999980194	1.0	0.7071067811864075	0.7071067811864075
28	N-Acetyl-D-glucosamine-e0	L-Glutamine-e0	Clostridium_innocuum_I46	0.4999999999996085	0.4999999999996085	1.0	0.7071067811862707	0.7071067811862707
32	Folate-e0	L-Glutamine-e0	Clostridium_innocuum_I46	1.500000000000411	1.500000000000411	1.0	1.2247448713917568	1.2247448713917568
33	N-Acetyl-D-chondrosamine-e0	L-Glutamine-e0	Clostridium_innocuum_I46	0.49999999999949823	0.49999999999949823	1.0	0.7071067811861927	0.7071067811861927
36	PAN	L-Glutamine-e0	Clostridium_innocuum_I46	-144.4260392284608	144.4260392284608	-1.0	12.017738523884633	-12.017738523884633
40	Heme-e0	D-Ribose-e0	Clostridium_innocuum_I46	2.000000000010976	2.000000000010976	1.0	1.4142135623769756	1.4142135623769756
42	Spermidine-e0	D-Ribose-e0	Clostridium_innocuum_I46	1.0000000000005718	1.0000000000005718	1.0	1.0000000000002858	1.0000000000002858
43	Thiamin-e0	D-Ribose-e0	Clostridium_innocuum_I46	1.9999999999980076	1.9999999999980076	1.0	1.4142135623723906	1.4142135623723906
51	Riboflavin	D-Ribose-e0	Clostridium_innocuum_I46	2.999999999997991	2.999999999997991	1.0	1.7320508075682974	1.7320508075682974
52	PAN	D-Ribose-e0	Clostridium_innocuum_I46	-101.47884223466275	101.47884223466275	-1.0	10.073670742815786	-10.073670742815786
53	Inosine	D-Ribose-e0	Clostridium_innocuum_I46	0.99999999999979	0.99999999999979	1.0	0.999999999999895	0.999999999999895
61	PAN	L-Leucine-e0	Clostridium_innocuum_I46	-64.72644010461708	64.72644010461708	-1.0	8.04527439585606	-8.04527439585606
62	Putrescine-e0	Putrescine-e0	Clostridium_innocuum_I46	-1.0	1.0	-1.0	1.0	-1.0
63	PAN	L-Histidine-e0	Clostridium_innocuum_I46	-11.393282031151903	11.393282031151903	-1.0	3.3753936112921563	-3.3753936112921563
64	PAN	L-Proline-e0	Clostridium_innocuum_I46	-26.58432473934095	26.58432473934095	-1.0	5.155998908004244	-5.155998908004244
65	PAN	Co2+-e0	Clostridium_innocuum_I46	-0.924111260313268	0.924111260313268	-1.0	0.9613070582874486	-0.9613070582874486
72	PAN	L-Valine-e0	Clostridium_innocuum_I46	-50.889993072453414	50.889993072453414	-1.0	7.133722245255517	-7.133722245255517
73	L-Threonine-e0	L-Threonine-e0	Clostridium_innocuum_I46	-0.9999999999999994	0.9999999999999994	-1.0	0.9999999999999997	-0.9999999999999997
75	Spermidine-e0	Spermidine-e0	Clostridium_innocuum_I46	-1.0	1.0	-1.0	1.0	-1.0
76	Thiamin-e0	Thiamin-e0	Clostridium_innocuum_I46	-1.0000000000000002	1.0000000000000002	-1.0	1.0	-1.0
84	PAN	L-Isoleucine-e0	Clostridium_innocuum_I46	-44.48445267423793	44.48445267423793	-1.0	6.669666608927161	-6.669666608927161
86	PAN	fe3-e0	Clostridium_innocuum_I46	-0.9241112603155056	0.9241112603155056	-1.0	0.9613070582886124	-0.9613070582886124
88	L-Glutamate-e0	H+-e0	Clostridium_innocuum_I46	-0.9999999999930584	0.9999999999930584	-1.0	0.9999999999965292	-0.9999999999965292
89	D-Glucose-e0	H+-e0	Clostridium_innocuum_I46	2.000000000006971	2.000000000006971	1.0	1.4142135623755596	1.4142135623755596
90	Heme-e0	H+-e0	Clostridium_innocuum_I46	-4.999999999919606	4.999999999919606	-1.0	2.236067977481813	-2.236067977481813
91	L-Aspartate-e0	H+-e0	Clostridium_innocuum_I46	-0.9999999999936215	0.9999999999936215	-1.0	0.9999999999968108	-0.9999999999968108
92	Putrescine-e0	H+-e0	Clostridium_innocuum_I46	2.0000000000027476	2.0000000000027476	1.0	1.4142135623740664	1.4142135623740664
93	L-Threonine-e0	H+-e0	Clostridium_innocuum_I46	1.499999999998206	1.499999999998206	1.0	1.2247448713908566	1.2247448713908566
95	Spermidine-e0	H+-e0	Clostridium_innocuum_I46	3.0000000000047966	3.0000000000047966	1.0	1.7320508075702619	1.7320508075702619
96	Thiamin-e0	H+-e0	Clostridium_innocuum_I46	0.4999999999839919	0.4999999999839919	1.0	0.7071067811752281	0.7071067811752281
99	L-Malate-e0	H+-e0	Clostridium_innocuum_I46	-0.9999999999918965	0.9999999999918965	-1.0	0.9999999999959482	-0.9999999999959482
100	L-Alanine-e0	H+-e0	Clostridium_innocuum_I46	0.9999999999989014	0.9999999999989014	1.0	0.9999999999994507	0.9999999999994507
101	N-Acetyl-D-glucosamine-e0	H+-e0	Clostridium_innocuum_I46	2.9999999999984124	2.9999999999984124	1.0	1.732050807568419	1.732050807568419
103	Fumarate-e0	H+-e0	Clostridium_innocuum_I46	-0.9999999999930418	0.9999999999930418	-1.0	0.9999999999965209	-0.9999999999965209
106	D-Mannose-e0	H+-e0	Clostridium_innocuum_I46	2.0000000000118483	2.0000000000118483	1.0	1.414213562377284	1.414213562377284
107	D-Mannitol-e0	H+-e0	Clostridium_innocuum_I46	2.0000000000108824	2.0000000000108824	1.0	1.4142135623769425	1.4142135623769425
108	Succinate-e0	H+-e0	Clostridium_innocuum_I46	-1.9999999999856324	1.9999999999856324	-1.0	1.4142135623680154	-1.4142135623680154
109	Sucrose-e0	H+-e0	Clostridium_innocuum_I46	4.000000000008871	4.000000000008871	1.0	2.000000000002218	2.000000000002218
113	Folate-e0	H+-e0	Clostridium_innocuum_I46	1.50000000000214	1.50000000000214	1.0	1.2247448713924627	1.2247448713924627
114	N-Acetyl-D-chondrosamine-e0	H+-e0	Clostridium_innocuum_I46	2.99999999999765	2.99999999999765	1.0	1.7320508075681988	1.7320508075681988
121	Riboflavin	H+-e0	Clostridium_innocuum_I46	-1.000000000015323	1.000000000015323	-1.0	1.0000000000076614	-1.0000000000076614
122	PAN	H+-e0	Clostridium_innocuum_I46	-767.7972935495591	767.7972935495591	-1.0	27.709155410253107	-27.709155410253107
131	PAN	Uracil-e0	Clostridium_innocuum_I46	-39.64223087734424	39.64223087734424	-1.0	6.29620765837216	-6.29620765837216
135	Folate-e0	XAN-e0	Clostridium_innocuum_I46	1.0000000000006863	1.0000000000006863	1.0	1.000000000000343	1.000000000000343
136	Riboflavin	XAN-e0	Clostridium_innocuum_I46	0.9999999999988992	0.9999999999988992	1.0	0.9999999999994496	0.9999999999994496
137	PAN	XAN-e0	Clostridium_innocuum_I46	-58.584785613916445	58.584785613916445	-1.0	7.654069872552539	-7.654069872552539
138	Inosine	XAN-e0	Clostridium_innocuum_I46	0.9999999999998614	0.9999999999998614	1.0	0.9999999999999307	0.9999999999999307
141	L-Malate-e0	L-Malate-e0	Clostridium_innocuum_I46	-1.0000000000000024	1.0000000000000024	-1.0	1.000000000000001	-1.000000000000001
154	L-Alanine-e0	L-Alanine-e0	Clostridium_innocuum_I46	-0.999999999999999	0.999999999999999	-1.0	0.9999999999999994	-0.9999999999999994
157	Spermidine-e0	L-Methionine-e0	Clostridium_innocuum_I46	1.0000000000001008	1.0000000000001008	1.0	1.0000000000000504	1.0000000000000504
162	PAN	L-Methionine-e0	Clostridium_innocuum_I46	-20.482435295008557	20.482435295008557	-1.0	4.525752456223004	-4.525752456223004
165	Thiamin-e0	L-Cysteine-e0	Clostridium_innocuum_I46	0.9999999999997016	0.9999999999997016	1.0	0.9999999999998508	0.9999999999998508
170	PAN	L-Cysteine-e0	Clostridium_innocuum_I46	-13.013505963379565	13.013505963379565	-1.0	3.6074237293918725	-3.6074237293918725
171	N-Acetyl-D-glucosamine-e0	N-Acetyl-D-glucosamine-e0	Clostridium_innocuum_I46	-0.9999999999999987	0.9999999999999987	-1.0	0.9999999999999993	-0.9999999999999993
173	L-Aspartate-e0	L-Asparagine-e0	Clostridium_innocuum_I46	1.0000000000010691	1.0000000000010691	1.0	1.0000000000005345	1.0000000000005345
179	PAN	L-Asparagine-e0	Clostridium_innocuum_I46	-129.08740931508527	129.08740931508527	-1.0	11.361664020515889	-11.361664020515889
181	PAN	Ca2+-e0	Clostridium_innocuum_I46	-0.9241112603125738	0.9241112603125738	-1.0	0.9613070582870875	-0.9613070582870875
188	PAN	Cu2+-e0	Clostridium_innocuum_I46	-0.9241112603143727	0.9241112603143727	-1.0	0.9613070582880231	-0.9613070582880231
189	Heme-e0	Fe2+-e0	Clostridium_innocuum_I46	1.0000000000002167	1.0000000000002167	1.0	1.0000000000001084	1.0000000000001084
190	PAN	Fe2+-e0	Clostridium_innocuum_I46	-1.92411126030948	1.92411126030948	-1.0	1.3871233760230126	-1.3871233760230126
192	Fumarate-e0	Fumarate-e0	Clostridium_innocuum_I46	-1.0000000000000002	1.0000000000000002	-1.0	1.0	-1.0
201	PAN	K+-e0	Clostridium_innocuum_I46	-0.9241112603117949	0.9241112603117949	-1.0	0.9613070582866824	-0.9613070582866824
202	D-Mannose-e0	D-Mannose-e0	Clostridium_innocuum_I46	-1.0	1.0	-1.0	1.0	-1.0
203	D-Mannitol-e0	D-Mannitol-e0	Clostridium_innocuum_I46	-1.000000000000002	1.000000000000002	-1.0	1.0000000000000009	-1.0000000000000009
204	Succinate-e0	Succinate-e0	Clostridium_innocuum_I46	-1.0000000000000004	1.0000000000000004	-1.0	1.0000000000000002	-1.0000000000000002
205	Sucrose-e0	Sucrose-e0	Clostridium_innocuum_I46	-0.9999999999999989	0.9999999999999989	-1.0	0.9999999999999994	-0.9999999999999994
207	PAN	Cl--e0	Clostridium_innocuum_I46	-0.9241112603129443	0.9241112603129443	-1.0	0.9613070582872802	-0.9613070582872802
209	PAN	Mg-e0	Clostridium_innocuum_I46	-0.9241112603137664	0.9241112603137664	-1.0	0.9613070582877078	-0.9613070582877078
213	Folate-e0	Folate-e0	Clostridium_innocuum_I46	-0.9999999999999994	0.9999999999999994	-1.0	0.9999999999999997	-0.9999999999999997
215	L-Glutamate-e0	H2O-e0	Clostridium_innocuum_I46	0.9999999999917024	0.9999999999917024	1.0	0.9999999999958512	0.9999999999958512
216	D-Glucose-e0	H2O-e0	Clostridium_innocuum_I46	1.9999999999914941	1.9999999999914941	1.0	1.4142135623700878	1.4142135623700878
217	Heme-e0	H2O-e0	Clostridium_innocuum_I46	-7.0000000000975415	7.0000000000975415	-1.0	2.6457513110830244	-2.6457513110830244
218	L-Aspartate-e0	H2O-e0	Clostridium_innocuum_I46	0.9999999999924902	0.9999999999924902	1.0	0.9999999999962451	0.9999999999962451
219	Putrescine-e0	H2O-e0	Clostridium_innocuum_I46	0.9999999999968149	0.9999999999968149	1.0	0.9999999999984074	0.9999999999984074
221	Thiamin-e0	H2O-e0	Clostridium_innocuum_I46	-8.999999999981348	8.999999999981348	-1.0	2.9999999999968914	-2.9999999999968914
224	L-Malate-e0	H2O-e0	Clostridium_innocuum_I46	0.9999999999901563	0.9999999999901563	1.0	0.9999999999950782	0.9999999999950782
228	D-Mannose-e0	H2O-e0	Clostridium_innocuum_I46	1.9999999999856015	1.9999999999856015	1.0	1.4142135623680043	1.4142135623680043
229	D-Mannitol-e0	H2O-e0	Clostridium_innocuum_I46	2.9999999999868137	2.9999999999868137	1.0	1.7320508075650707	1.7320508075650707
230	Succinate-e0	H2O-e0	Clostridium_innocuum_I46	0.999999999982753	0.999999999982753	1.0	0.9999999999913765	0.9999999999913765
231	Sucrose-e0	H2O-e0	Clostridium_innocuum_I46	2.9999999999894347	2.9999999999894347	1.0	1.7320508075658274	1.7320508075658274
236	Folate-e0	H2O-e0	Clostridium_innocuum_I46	-6.000000000003909	6.000000000003909	-1.0	2.449489742783976	-2.449489742783976
244	Riboflavin	H2O-e0	Clostridium_innocuum_I46	-6.999999999981931	6.999999999981931	-1.0	2.6457513110611757	-2.6457513110611757
245	PAN	H2O-e0	Clostridium_innocuum_I46	927.7798311720314	927.7798311720314	1.0	30.459478511163507	30.459478511163507
246	Inosine	H2O-e0	Clostridium_innocuum_I46	-0.9999999999984601	0.9999999999984601	-1.0	0.9999999999992301	-0.9999999999992301
249	N-Acetyl-D-chondrosamine-e0	N-Acetyl-D-chondrosamine-e0	Clostridium_innocuum_I46	-0.9999999999999996	0.9999999999999996	-1.0	0.9999999999999998	-0.9999999999999998
253	L-Glutamate-e0	CO2-e0	Clostridium_innocuum_I46	1.5000000000002123	1.5000000000002123	1.0	1.2247448713916758	1.2247448713916758
254	D-Glucose-e0	CO2-e0	Clostridium_innocuum_I46	2.0000000000001745	2.0000000000001745	1.0	1.4142135623731567	1.4142135623731567
255	Heme-e0	CO2-e0	Clostridium_innocuum_I46	10.000000000001915	10.000000000001915	1.0	3.162277660168682	3.162277660168682
256	L-Aspartate-e0	CO2-e0	Clostridium_innocuum_I46	1.5000000000001448	1.5000000000001448	1.0	1.2247448713916482	1.2247448713916482
257	Putrescine-e0	CO2-e0	Clostridium_innocuum_I46	-0.9999999999997863	0.9999999999997863	-1.0	0.9999999999998931	-0.9999999999998931
258	L-Threonine-e0	CO2-e0	Clostridium_innocuum_I46	-0.49999999999989647	0.49999999999989647	-1.0	0.7071067811864743	-0.7071067811864743
260	Spermidine-e0	CO2-e0	Clostridium_innocuum_I46	-1.9999999999995912	1.9999999999995912	-1.0	1.4142135623729506	-1.4142135623729506
261	Thiamin-e0	CO2-e0	Clostridium_innocuum_I46	-5.000000000000426	5.000000000000426	-1.0	2.236067977499885	-2.236067977499885
263	L-Malate-e0	CO2-e0	Clostridium_innocuum_I46	2.0000000000001887	2.0000000000001887	1.0	1.4142135623731618	1.4142135623731618
264	L-Alanine-e0	CO2-e0	Clostridium_innocuum_I46	-0.4999999999999233	0.4999999999999233	-1.0	0.7071067811864933	-0.7071067811864933
265	N-Acetyl-D-glucosamine-e0	CO2-e0	Clostridium_innocuum_I46	0.4999999999998217	0.4999999999998217	1.0	0.7071067811864215	0.7071067811864215
267	Fumarate-e0	CO2-e0	Clostridium_innocuum_I46	2.000000000000159	2.000000000000159	1.0	1.4142135623731513	1.4142135623731513
270	D-Mannose-e0	CO2-e0	Clostridium_innocuum_I46	2.00000000000034	2.00000000000034	1.0	1.4142135623732153	1.4142135623732153
271	D-Mannitol-e0	CO2-e0	Clostridium_innocuum_I46	2.0000000000003166	2.0000000000003166	1.0	1.414213562373207	1.414213562373207
272	Succinate-e0	CO2-e0	Clostridium_innocuum_I46	2.00000000000041	2.00000000000041	1.0	1.41421356237324	1.41421356237324
273	Sucrose-e0	CO2-e0	Clostridium_innocuum_I46	4.000000000000137	4.000000000000137	1.0	2.000000000000034	2.000000000000034
276	Folate-e0	CO2-e0	Clostridium_innocuum_I46	0.49999999999949757	0.49999999999949757	1.0	0.7071067811861923	0.7071067811861923
277	N-Acetyl-D-chondrosamine-e0	CO2-e0	Clostridium_innocuum_I46	0.4999999999999374	0.4999999999999374	1.0	0.7071067811865033	0.7071067811865033
282	Riboflavin	CO2-e0	Clostridium_innocuum_I46	-3.0000000000004152	3.0000000000004152	-1.0	1.732050807568997	-1.732050807568997
283	PAN	CO2-e0	Clostridium_innocuum_I46	-21.875265626241994	21.875265626241994	-1.0	4.677100130020951	-4.677100130020951
287	L-Glutamate-e0	O2-e0	Clostridium_innocuum_I46	-0.7500000000045601	0.7500000000045601	-1.0	0.8660254037870715	-0.8660254037870715
288	D-Glucose-e0	O2-e0	Clostridium_innocuum_I46	-2.000000000004684	2.000000000004684	-1.0	1.414213562374751	-1.414213562374751
289	Heme-e0	O2-e0	Clostridium_innocuum_I46	-11.500000000052898	11.500000000052898	-1.0	3.3911649915704336	-3.3911649915704336
290	L-Aspartate-e0	O2-e0	Clostridium_innocuum_I46	-0.7500000000041558	0.7500000000041558	-1.0	0.866025403786838	-0.866025403786838
291	Putrescine-e0	O2-e0	Clostridium_innocuum_I46	-1.0000000000019025	1.0000000000019025	-1.0	1.0000000000009512	-1.0000000000009512
292	L-Threonine-e0	O2-e0	Clostridium_innocuum_I46	-0.24999999999893188	0.24999999999893188	-1.0	0.49999999999893185	-0.49999999999893185
294	Spermidine-e0	O2-e0	Clostridium_innocuum_I46	-1.0000000000033955	1.0000000000033955	-1.0	1.0000000000016978	-1.0000000000016978
295	Thiamin-e0	O2-e0	Clostridium_innocuum_I46	2.0000000000102482	2.0000000000102482	1.0	1.4142135623767182	1.4142135623767182
298	L-Malate-e0	O2-e0	Clostridium_innocuum_I46	-1.0000000000053062	1.0000000000053062	-1.0	1.000000000002653	-1.000000000002653
299	L-Alanine-e0	O2-e0	Clostridium_innocuum_I46	-0.24999999999936753	0.24999999999936753	-1.0	0.4999999999993675	-0.4999999999993675
300	N-Acetyl-D-glucosamine-e0	O2-e0	Clostridium_innocuum_I46	-1.2499999999989928	1.2499999999989928	-1.0	1.1180339887494444	-1.1180339887494444
302	Fumarate-e0	O2-e0	Clostridium_innocuum_I46	-1.00000000000455	1.00000000000455	-1.0	1.0000000000022748	-1.0000000000022748
305	D-Mannose-e0	O2-e0	Clostridium_innocuum_I46	-2.000000000007871	2.000000000007871	-1.0	1.4142135623758778	-1.4142135623758778
306	D-Mannitol-e0	O2-e0	Clostridium_innocuum_I46	-2.5000000000072435	2.5000000000072435	-1.0	1.5811388300864804	-1.5811388300864804
307	Succinate-e0	O2-e0	Clostridium_innocuum_I46	-0.5000000000093971	0.5000000000093971	-1.0	0.7071067811931923	-0.7071067811931923
308	Sucrose-e0	O2-e0	Clostridium_innocuum_I46	-4.0000000000059694	4.0000000000059694	-1.0	2.000000000001492	-2.000000000001492
312	Folate-e0	O2-e0	Clostridium_innocuum_I46	-1.250000000001317	1.250000000001317	-1.0	1.1180339887504838	-1.1180339887504838
313	N-Acetyl-D-chondrosamine-e0	O2-e0	Clostridium_innocuum_I46	-1.249999999998536	1.249999999998536	-1.0	1.11803398874924	-1.11803398874924
323	Riboflavin	O2-e0	Clostridium_innocuum_I46	1.0000000000099298	1.0000000000099298	1.0	1.000000000004965	1.000000000004965
324	PAN	O2-e0	Clostridium_innocuum_I46	501.05103250619214	501.05103250619214	1.0	22.384169238687242	22.384169238687242
325	Inosine	O2-e0	Clostridium_innocuum_I46	-0.4999999999992055	0.4999999999992055	-1.0	0.7071067811859858	-0.7071067811859858
328	Spermidine-e0	5-Methylthio-D-ribose-e0	Clostridium_innocuum_I46	-0.999999999999996	0.999999999999996	-1.0	0.999999999999998	-0.999999999999998
329	PAN	5-Methylthio-D-ribose-e0	Clostridium_innocuum_I46	0.4999999999904322	0.4999999999904322	1.0	0.7071067811797821	0.7071067811797821
331	L-Glutamate-e0	Acetate-e0	Clostridium_innocuum_I46	-0.4999999999944262	0.4999999999944262	-1.0	0.7071067811826063	-0.7071067811826063
332	D-Glucose-e0	Acetate-e0	Clostridium_innocuum_I46	2.000000000005625	2.000000000005625	1.0	1.4142135623750838	1.4142135623750838
333	Heme-e0	Acetate-e0	Clostridium_innocuum_I46	-3.9999999999356026	3.9999999999356026	-1.0	1.9999999999839007	-1.9999999999839007
334	L-Aspartate-e0	Acetate-e0	Clostridium_innocuum_I46	-0.49999999999489	0.49999999999489	-1.0	0.7071067811829342	-0.7071067811829342
335	L-Threonine-e0	Acetate-e0	Clostridium_innocuum_I46	1.9999999999985985	1.9999999999985985	1.0	1.4142135623725995	1.4142135623725995
337	Thiamin-e0	Acetate-e0	Clostridium_innocuum_I46	0.4999999999871566	0.4999999999871566	1.0	0.7071067811774658	0.7071067811774658
339	L-Malate-e0	Acetate-e0	Clostridium_innocuum_I46	1.0000000000065141	1.0000000000065141	1.0	1.000000000003257	1.000000000003257
340	L-Alanine-e0	Acetate-e0	Clostridium_innocuum_I46	1.499999999999171	1.499999999999171	1.0	1.2247448713912505	1.2247448713912505
341	N-Acetyl-D-glucosamine-e0	Acetate-e0	Clostridium_innocuum_I46	3.499999999998672	3.499999999998672	1.0	1.8708286933866158	1.8708286933866158
343	Fumarate-e0	Acetate-e0	Clostridium_innocuum_I46	1.000000000005583	1.000000000005583	1.0	1.0000000000027915	1.0000000000027915
346	D-Mannose-e0	Acetate-e0	Clostridium_innocuum_I46	2.00000000000954	2.00000000000954	1.0	1.414213562376468	1.414213562376468
347	D-Mannitol-e0	Acetate-e0	Clostridium_innocuum_I46	2.000000000008756	2.000000000008756	1.0	1.414213562376191	1.414213562376191
348	Succinate-e0	Acetate-e0	Clostridium_innocuum_I46	-0.9999999999884245	0.9999999999884245	-1.0	0.9999999999942122	-0.9999999999942122
349	Sucrose-e0	Acetate-e0	Clostridium_innocuum_I46	4.000000000007151	4.000000000007151	1.0	2.0000000000017875	2.0000000000017875
353	Folate-e0	Acetate-e0	Clostridium_innocuum_I46	4.000000000001566	4.000000000001566	1.0	2.0000000000003912	2.0000000000003912
354	N-Acetyl-D-chondrosamine-e0	Acetate-e0	Clostridium_innocuum_I46	3.4999999999981317	3.4999999999981317	1.0	1.8708286933864713	1.8708286933864713
361	PAN	Acetate-e0	Clostridium_innocuum_I46	-615.498039423631	615.498039423631	-1.0	24.8092329471032	-24.8092329471032
381	PAN	H2S-e0	Clostridium_innocuum_I46	0.9999999999816552	0.9999999999816552	1.0	0.9999999999908276	0.9999999999908276
387	L-Glutamate-e0	Butyrate-e0	Clostridium_innocuum_I46	0.49999999999975925	0.49999999999975925	1.0	0.7071067811863773	0.7071067811863773
388	Heme-e0	Butyrate-e0	Clostridium_innocuum_I46	2.999999999997351	2.999999999997351	1.0	1.7320508075681127	1.7320508075681127
389	L-Aspartate-e0	Butyrate-e0	Clostridium_innocuum_I46	0.4999999999997596	0.4999999999997596	1.0	0.7071067811863775	0.7071067811863775
390	L-Threonine-e0	Butyrate-e0	Clostridium_innocuum_I46	-0.49999999999990846	0.49999999999990846	-1.0	0.7071067811864828	-0.7071067811864828
392	Thiamin-e0	Butyrate-e0	Clostridium_innocuum_I46	-0.9999999999993471	0.9999999999993471	-1.0	0.9999999999996735	-0.9999999999996735
394	L-Alanine-e0	Butyrate-e0	Clostridium_innocuum_I46	-0.49999999999994227	0.49999999999994227	-1.0	0.7071067811865067	-0.7071067811865067
395	N-Acetyl-D-glucosamine-e0	Butyrate-e0	Clostridium_innocuum_I46	-0.499999999999871	0.499999999999871	-1.0	0.7071067811864563	-0.7071067811864563
397	Succinate-e0	Butyrate-e0	Clostridium_innocuum_I46	0.9999999999994641	0.9999999999994641	1.0	0.999999999999732	0.999999999999732
401	Folate-e0	Butyrate-e0	Clostridium_innocuum_I46	-0.499999999999988	0.499999999999988	-1.0	0.707106781186539	-0.707106781186539
402	N-Acetyl-D-chondrosamine-e0	Butyrate-e0	Clostridium_innocuum_I46	-0.49999999999984335	0.49999999999984335	-1.0	0.7071067811864368	-0.7071067811864368
405	PAN	Butyrate-e0	Clostridium_innocuum_I46	27.81365371890264	27.81365371890264	1.0	5.27386515934022	5.27386515934022
407	PAN	L-Phenylalanine	Clostridium_innocuum_I46	-22.280195972018205	22.280195972018205	-1.0	4.720190247438995	-4.720190247438995
414	PAN	L-Tryptophan	Clostridium_innocuum_I46	-6.835969218683131	6.835969218683131	-1.0	2.6145686486843545	-2.6145686486843545
415	Thiamin-e0	L-Tyrosine	Clostridium_innocuum_I46	0.9999999999995973	0.9999999999995973	1.0	0.9999999999997986	0.9999999999997986
416	PAN	L-Tyrosine	Clostridium_innocuum_I46	-17.08355495641048	17.08355495641048	-1.0	4.133225732573831	-4.133225732573831
417	Riboflavin	Riboflavin	Clostridium_innocuum_I46	-1.0000000000000004	1.0000000000000004	-1.0	1.0000000000000002	-1.0000000000000002
418	PAN	PAN	Clostridium_innocuum_I46	-0.999999999999823	0.999999999999823	-1.0	0.9999999999999115	-0.9999999999999115
419	Inosine	Inosine	Clostridium_innocuum_I46	-0.9999999999999997	0.9999999999999997	-1.0	0.9999999999999998	-0.9999999999999998
422	D-Glucose-e0	H2O-e0	Limosilactobacillus_reuteri_I49	2.0000000000069917	2.0000000000069917	1.0	1.414213562375567	1.414213562375567
423	Heme-e0	H2O-e0	Limosilactobacillus_reuteri_I49	-19.999999999987644	19.999999999987644	-1.0	4.472135954998198	-4.472135954998198
424	L-Arginine-e0	H2O-e0	Limosilactobacillus_reuteri_I49	-1.9999999999994458	1.9999999999994458	-1.0	1.414213562372899	-1.414213562372899
425	L-Glutamine-e0	H2O-e0	Limosilactobacillus_reuteri_I49	-0.9999999999986939	0.9999999999986939	-1.0	0.999999999999347	-0.999999999999347
426	Galactose-e0	H2O-e0	Limosilactobacillus_reuteri_I49	2.000000000007684	2.000000000007684	1.0	1.4142135623758119	1.4142135623758119
432	L-Malate-e0	H2O-e0	Limosilactobacillus_reuteri_I49	1.0000000000032119	1.0000000000032119	1.0	1.0000000000016058	1.0000000000016058
433	L-Cysteine-e0	H2O-e0	Limosilactobacillus_reuteri_I49	-0.9999999999977494	0.9999999999977494	-1.0	0.9999999999988747	-0.9999999999988747
434	Glycolate-e0	H2O-e0	Limosilactobacillus_reuteri_I49	1.000000000005586	1.000000000005586	1.0	1.0000000000027929	1.0000000000027929
435	L-Asparagine-e0	H2O-e0	Limosilactobacillus_reuteri_I49	-0.9999999999960727	0.9999999999960727	-1.0	0.9999999999980363	-0.9999999999980363
439	Glycerol-e0	H2O-e0	Limosilactobacillus_reuteri_I49	2.0000000000048024	2.0000000000048024	1.0	1.414213562374793	1.414213562374793
442	Melitose-e0	H2O-e0	Limosilactobacillus_reuteri_I49	4.000000000023772	4.000000000023772	1.0	2.000000000005943	2.000000000005943
447	D-Ribose-e0	H2O-e0	Limosilactobacillus_reuteri_I49	1.0000000000051912	1.0000000000051912	1.0	1.0000000000025955	1.0000000000025955
453	Folate-e0	H2O-e0	Limosilactobacillus_reuteri_I49	-6.999999999995874	6.999999999995874	-1.0	2.645751311063811	-2.645751311063811
459	Urea-e0	H2O-e0	Limosilactobacillus_reuteri_I49	-0.9999999999994325	0.9999999999994325	-1.0	0.9999999999997162	-0.9999999999997162
463	Sucrose	H2O-e0	Limosilactobacillus_reuteri_I49	3.0000000000155116	3.0000000000155116	1.0	1.7320508075733552	1.7320508075733552
464	Thiamine	H2O-e0	Limosilactobacillus_reuteri_I49	-9.999999999981013	9.999999999981013	-1.0	3.162277660165377	-3.162277660165377
465	Riboflavin	H2O-e0	Limosilactobacillus_reuteri_I49	-3.9999999999942353	3.9999999999942353	-1.0	1.9999999999985587	-1.9999999999985587
466	PAN	H2O-e0	Limosilactobacillus_reuteri_I49	229.15288783606658	229.15288783606658	1.0	15.137796663849947	15.137796663849947
467	Cytosine	H2O-e0	Limosilactobacillus_reuteri_I49	-0.9999999999999488	0.9999999999999488	-1.0	0.9999999999999744	-0.9999999999999744
472	Glycine-e0	Glycine-e0	Limosilactobacillus_reuteri_I49	-0.9999999999999996	0.9999999999999996	-1.0	0.9999999999999998	-0.9999999999999998
479	PAN	Phosphate-e0	Limosilactobacillus_reuteri_I49	-129.8641856178943	129.8641856178943	-1.0	11.395796839971055	-11.395796839971055
481	L-Glutamate-e0	L-Glutamate-e0	Limosilactobacillus_reuteri_I49	-0.9999999999999992	0.9999999999999992	-1.0	0.9999999999999996	-0.9999999999999996
482	D-Glucose-e0	D-Glucose-e0	Limosilactobacillus_reuteri_I49	-0.9999999999999998	0.9999999999999998	-1.0	0.9999999999999999	-0.9999999999999999
483	Heme-e0	Heme-e0	Limosilactobacillus_reuteri_I49	-0.9999999999999994	0.9999999999999994	-1.0	0.9999999999999997	-0.9999999999999997
485	PAN	Mn2+-e0	Limosilactobacillus_reuteri_I49	-0.7060625359663776	0.7060625359663776	-1.0	0.8402752739230029	-0.8402752739230029
491	PAN	Zn2+-e0	Limosilactobacillus_reuteri_I49	-0.7060625359932243	0.7060625359932243	-1.0	0.8402752739389779	-0.8402752739389779
498	PAN	L-Lysine-e0	Limosilactobacillus_reuteri_I49	-36.35966193434337	36.35966193434337	-1.0	6.029897340282285	-6.029897340282285
500	L-Aspartate-e0	L-Aspartate-e0	Limosilactobacillus_reuteri_I49	-0.9999999999999987	0.9999999999999987	-1.0	0.9999999999999993	-0.9999999999999993
502	PAN	Sulfate-e0	Limosilactobacillus_reuteri_I49	-0.7060625359665196	0.7060625359665196	-1.0	0.8402752739230874	-0.8402752739230874
503	L-Arginine-e0	L-Arginine-e0	Limosilactobacillus_reuteri_I49	-0.9999999999999999	0.9999999999999999	-1.0	0.9999999999999999	-0.9999999999999999
504	L-Glutamine-e0	L-Glutamine-e0	Limosilactobacillus_reuteri_I49	-0.9999999999999999	0.9999999999999999	-1.0	0.9999999999999999	-0.9999999999999999
507	Galactose-e0	Galactose-e0	Limosilactobacillus_reuteri_I49	-1.000000000000001	1.000000000000001	-1.0	1.0000000000000004	-1.0000000000000004
508	Putrescine-e0	Putrescine-e0	Limosilactobacillus_reuteri_I49	-1.0000000000000004	1.0000000000000004	-1.0	1.0000000000000002	-1.0000000000000002
510	PAN	L-Histidine-e0	Limosilactobacillus_reuteri_I49	-9.204977704880578	9.204977704880578	-1.0	3.033970617010089	-3.033970617010089
511	L-Arginine-e0	L-Proline-e0	Limosilactobacillus_reuteri_I49	0.9999999999998599	0.9999999999998599	1.0	0.99999999999993	0.99999999999993
513	Putrescine-e0	L-Proline-e0	Limosilactobacillus_reuteri_I49	0.9999999999999585	0.9999999999999585	1.0	0.9999999999999792	0.9999999999999792
514	Spermidine-e0	L-Proline-e0	Limosilactobacillus_reuteri_I49	0.9999999999991603	0.9999999999991603	1.0	0.9999999999995801	0.9999999999995801
520	PAN	L-Proline-e0	Limosilactobacillus_reuteri_I49	-40.811528573635115	40.811528573635115	-1.0	6.388390139435374	-6.388390139435374
527	PAN	Co2+-e0	Limosilactobacillus_reuteri_I49	-0.7060625359714375	0.7060625359714375	-1.0	0.8402752739260138	-0.8402752739260138
531	PAN	L-Valine-e0	Limosilactobacillus_reuteri_I49	-34.56469128182408	34.56469128182408	-1.0	5.879174370761943	-5.879174370761943
532	L-Threonine-e0	L-Threonine-e0	Limosilactobacillus_reuteri_I49	-1.0000000000000004	1.0000000000000004	-1.0	1.0000000000000002	-1.0000000000000002
535	Spermidine-e0	Spermidine-e0	Limosilactobacillus_reuteri_I49	-0.9999999999999998	0.9999999999999998	-1.0	0.9999999999999999	-0.9999999999999999
538	PAN	fe3-e0	Limosilactobacillus_reuteri_I49	-0.7060625359674195	0.7060625359674195	-1.0	0.8402752739236229	-0.8402752739236229
539	Glycine-e0	H+-e0	Limosilactobacillus_reuteri_I49	-0.5000000000069272	0.5000000000069272	-1.0	0.7071067811914458	-0.7071067811914458
540	D-Glucose-e0	H+-e0	Limosilactobacillus_reuteri_I49	1.9999999999875084	1.9999999999875084	1.0	1.4142135623686787	1.4142135623686787
541	Heme-e0	H+-e0	Limosilactobacillus_reuteri_I49	7.999999999974599	7.999999999974599	1.0	2.8284271247416997	2.8284271247416997
542	L-Aspartate-e0	H+-e0	Limosilactobacillus_reuteri_I49	-1.000000000009393	1.000000000009393	-1.0	1.0000000000046965	-1.0000000000046965
543	L-Arginine-e0	H+-e0	Limosilactobacillus_reuteri_I49	-2.000000000002382	2.000000000002382	-1.0	1.4142135623739371	-1.4142135623739371
544	Galactose-e0	H+-e0	Limosilactobacillus_reuteri_I49	1.999999999984479	1.999999999984479	1.0	1.4142135623676075	1.4142135623676075
545	Putrescine-e0	H+-e0	Limosilactobacillus_reuteri_I49	0.9999999999992708	0.9999999999992708	1.0	0.9999999999996354	0.9999999999996354
547	L-Threonine-e0	H+-e0	Limosilactobacillus_reuteri_I49	0.49999999998465317	0.49999999998465317	1.0	0.7071067811756957	0.7071067811756957
550	Spermidine-e0	H+-e0	Limosilactobacillus_reuteri_I49	3.999999999987898	3.999999999987898	1.0	1.9999999999969744	1.9999999999969744
553	L-Malate-e0	H+-e0	Limosilactobacillus_reuteri_I49	-1.0000000000070495	1.0000000000070495	-1.0	1.0000000000035247	-1.0000000000035247
555	L-Cysteine-e0	H+-e0	Limosilactobacillus_reuteri_I49	0.9999999999952494	0.9999999999952494	1.0	0.9999999999976247	0.9999999999976247
556	Glycolate-e0	H+-e0	Limosilactobacillus_reuteri_I49	-0.5000000000129599	0.5000000000129599	-1.0	0.7071067811957116	-0.7071067811957116
557	L-Asparagine-e0	H+-e0	Limosilactobacillus_reuteri_I49	-1.0000000000096125	1.0000000000096125	-1.0	1.0000000000048062	-1.0000000000048062
562	Glycerol-e0	H+-e0	Limosilactobacillus_reuteri_I49	0.9999999999907073	0.9999999999907073	1.0	0.9999999999953536	0.9999999999953536
565	Melitose-e0	H+-e0	Limosilactobacillus_reuteri_I49	5.999999999956564	5.999999999956564	1.0	2.4494897427743116	2.4494897427743116
571	D-Ribose-e0	H+-e0	Limosilactobacillus_reuteri_I49	1.999999999990021	1.999999999990021	1.0	1.414213562369567	1.414213562369567
577	Folate-e0	H+-e0	Limosilactobacillus_reuteri_I49	-1.5000000000000535	1.5000000000000535	-1.0	1.224744871391611	-1.224744871391611
582	Urea-e0	H+-e0	Limosilactobacillus_reuteri_I49	-2.000000000001183	2.000000000001183	-1.0	1.4142135623735133	-1.4142135623735133
588	Sucrose	H+-e0	Limosilactobacillus_reuteri_I49	3.9999999999723586	3.9999999999723586	1.0	1.9999999999930895	1.9999999999930895
589	Thiamine	H+-e0	Limosilactobacillus_reuteri_I49	1.9999999999638542	1.9999999999638542	1.0	1.4142135623603156	1.4142135623603156
590	Riboflavin	H+-e0	Limosilactobacillus_reuteri_I49	2.999999999993248	2.999999999993248	1.0	1.732050807566928	1.732050807566928
591	PAN	H+-e0	Limosilactobacillus_reuteri_I49	-641.5696174375937	641.5696174375937	-1.0	25.32922457237082	-25.32922457237082
592	Cytosine	H+-e0	Limosilactobacillus_reuteri_I49	-1.0000000000000184	1.0000000000000184	-1.0	1.000000000000009	-1.000000000000009
602	PAN	Uracil-e0	Limosilactobacillus_reuteri_I49	-176.04906269834547	176.04906269834547	-1.0	13.268348152590264	-13.268348152590264
603	Cytosine	Uracil-e0	Limosilactobacillus_reuteri_I49	0.9999999999999972	0.9999999999999972	1.0	0.9999999999999986	0.9999999999999986
613	L-Malate-e0	L-Malate-e0	Limosilactobacillus_reuteri_I49	-0.9999999999999989	0.9999999999999989	-1.0	0.9999999999999994	-0.9999999999999994
620	Glycolate-e0	L-Alanine-e0	Limosilactobacillus_reuteri_I49	-1.0000000000010028	1.0000000000010028	-1.0	1.0000000000005014	-1.0000000000005014
623	Folate-e0	L-Alanine-e0	Limosilactobacillus_reuteri_I49	1.000000000000088	1.000000000000088	1.0	1.000000000000044	1.000000000000044
624	Thiamine	L-Alanine-e0	Limosilactobacillus_reuteri_I49	-1.0000000000025864	1.0000000000025864	-1.0	1.0000000000012932	-1.0000000000012932
625	PAN	L-Alanine-e0	Limosilactobacillus_reuteri_I49	-53.03444007273583	53.03444007273583	-1.0	7.2824748590527815	-7.2824748590527815
626	Spermidine-e0	L-Methionine-e0	Limosilactobacillus_reuteri_I49	0.9999999999996562	0.9999999999996562	1.0	0.999999999999828	0.999999999999828
629	PAN	L-Methionine-e0	Limosilactobacillus_reuteri_I49	-14.74889412123716	14.74889412123716	-1.0	3.8404288980838013	-3.8404288980838013
630	L-Cysteine-e0	L-Cysteine-e0	Limosilactobacillus_reuteri_I49	-1.000000000000001	1.000000000000001	-1.0	1.0000000000000004	-1.0000000000000004
636	PAN	L-Leucine-e0	Limosilactobacillus_reuteri_I49	-47.22328715474137	47.22328715474137	-1.0	6.871920194148166	-6.871920194148166
639	PAN	L-Isoleucine-e0	Limosilactobacillus_reuteri_I49	-38.57060811215777	38.57060811215777	-1.0	6.210523980483271	-6.210523980483271
641	Thiamine	L-Tyrosine-e0	Limosilactobacillus_reuteri_I49	0.9999999999984381	0.9999999999984381	1.0	0.9999999999992191	0.9999999999992191
642	PAN	L-Tyrosine-e0	Limosilactobacillus_reuteri_I49	-12.972744789921615	12.972744789921615	-1.0	3.601769674746237	-3.601769674746237
644	PAN	L-Phenylalanine-e0	Limosilactobacillus_reuteri_I49	-19.79070206549226	19.79070206549226	-1.0	4.448674191879223	-4.448674191879223
645	L-Serine-e0	L-Serine-e0	Limosilactobacillus_reuteri_I49	-1.000000000000001	1.000000000000001	-1.0	1.0000000000000004	-1.0000000000000004
646	Glycine-e0	NH3-e0	Limosilactobacillus_reuteri_I49	0.999999999999631	0.999999999999631	1.0	0.9999999999998155	0.9999999999998155
647	L-Glutamate-e0	NH3-e0	Limosilactobacillus_reuteri_I49	0.9999999999999785	0.9999999999999785	1.0	0.9999999999999892	0.9999999999999892
648	Heme-e0	NH3-e0	Limosilactobacillus_reuteri_I49	5.999999999997078	5.999999999997078	1.0	2.4494897427825815	2.4494897427825815
649	L-Aspartate-e0	NH3-e0	Limosilactobacillus_reuteri_I49	0.9999999999995559	0.9999999999995559	1.0	0.999999999999778	0.999999999999778
650	L-Arginine-e0	NH3-e0	Limosilactobacillus_reuteri_I49	3.000000000000067	3.000000000000067	1.0	1.7320508075688967	1.7320508075688967
651	L-Glutamine-e0	NH3-e0	Limosilactobacillus_reuteri_I49	1.999999999999818	1.999999999999818	1.0	1.4142135623730308	1.4142135623730308
653	Putrescine-e0	NH3-e0	Limosilactobacillus_reuteri_I49	1.0000000000003284	1.0000000000003284	1.0	1.000000000000164	1.000000000000164
654	L-Threonine-e0	NH3-e0	Limosilactobacillus_reuteri_I49	0.9999999999990525	0.9999999999990525	1.0	0.9999999999995263	0.9999999999995263
655	Spermidine-e0	NH3-e0	Limosilactobacillus_reuteri_I49	0.9999999999987853	0.9999999999987853	1.0	0.9999999999993926	0.9999999999993926
657	L-Cysteine-e0	NH3-e0	Limosilactobacillus_reuteri_I49	0.9999999999996296	0.9999999999996296	1.0	0.9999999999998148	0.9999999999998148
658	L-Serine-e0	NH3-e0	Limosilactobacillus_reuteri_I49	0.9999999999995899	0.9999999999995899	1.0	0.9999999999997949	0.9999999999997949
659	Glycolate-e0	NH3-e0	Limosilactobacillus_reuteri_I49	0.9999999999990774	0.9999999999990774	1.0	0.9999999999995387	0.9999999999995387
660	L-Asparagine-e0	NH3-e0	Limosilactobacillus_reuteri_I49	1.9999999999994214	1.9999999999994214	1.0	1.4142135623728904	1.4142135623728904
669	Folate-e0	NH3-e0	Limosilactobacillus_reuteri_I49	1.9999999999982085	1.9999999999982085	1.0	1.4142135623724617	1.4142135623724617
670	Urea-e0	NH3-e0	Limosilactobacillus_reuteri_I49	1.9999999999999096	1.9999999999999096	1.0	1.4142135623730632	1.4142135623730632
672	Thiamine	NH3-e0	Limosilactobacillus_reuteri_I49	4.999999999995552	4.999999999995552	1.0	2.236067977498795	2.236067977498795
673	PAN	NH3-e0	Limosilactobacillus_reuteri_I49	-20.47306834741077	20.47306834741077	-1.0	4.524717488132355	-4.524717488132355
674	Cytosine	NH3-e0	Limosilactobacillus_reuteri_I49	0.9999999999999728	0.9999999999999728	1.0	0.9999999999999863	0.9999999999999863
678	Pyruvate-e0	Pyruvate-e0	Limosilactobacillus_reuteri_I49	-1.0	1.0	-1.0	1.0	-1.0
679	Glycolate-e0	Glycolate-e0	Limosilactobacillus_reuteri_I49	-1.0000000000000009	1.0000000000000009	-1.0	1.0000000000000004	-1.0000000000000004
680	Glycine-e0	Acetate-e0	Limosilactobacillus_reuteri_I49	0.49999999999559264	0.49999999999559264	1.0	0.7071067811834311	0.7071067811834311
681	D-Glucose-e0	Acetate-e0	Limosilactobacillus_reuteri_I49	1.9999999999920286	1.9999999999920286	1.0	1.4142135623702767	1.4142135623702767
682	Heme-e0	Acetate-e0	Limosilactobacillus_reuteri_I49	5.999999999983593	5.999999999983593	1.0	2.449489742779829	2.449489742779829
683	L-Aspartate-e0	Acetate-e0	Limosilactobacillus_reuteri_I49	0.9999999999940943	0.9999999999940943	1.0	0.9999999999970471	0.9999999999970471
684	Galactose-e0	Acetate-e0	Limosilactobacillus_reuteri_I49	1.999999999990027	1.999999999990027	1.0	1.414213562369569	1.414213562369569
686	L-Threonine-e0	Acetate-e0	Limosilactobacillus_reuteri_I49	1.4999999999902445	1.4999999999902445	1.0	1.2247448713876063	1.2247448713876063
689	Spermidine-e0	Acetate-e0	Limosilactobacillus_reuteri_I49	1.999999999992235	1.999999999992235	1.0	1.4142135623703498	1.4142135623703498
690	L-Malate-e0	Acetate-e0	Limosilactobacillus_reuteri_I49	0.9999999999954783	0.9999999999954783	1.0	0.9999999999977391	0.9999999999977391
692	L-Cysteine-e0	Acetate-e0	Limosilactobacillus_reuteri_I49	0.999999999997031	0.999999999997031	1.0	0.9999999999985155	0.9999999999985155
693	L-Serine-e0	Acetate-e0	Limosilactobacillus_reuteri_I49	0.9999999999959859	0.9999999999959859	1.0	0.9999999999979929	0.9999999999979929
694	Pyruvate-e0	Acetate-e0	Limosilactobacillus_reuteri_I49	0.9999999999967896	0.9999999999967896	1.0	0.9999999999983947	0.9999999999983947
695	Glycolate-e0	Acetate-e0	Limosilactobacillus_reuteri_I49	1.4999999999917197	1.4999999999917197	1.0	1.2247448713882088	1.2247448713882088
696	L-Asparagine-e0	Acetate-e0	Limosilactobacillus_reuteri_I49	0.9999999999940311	0.9999999999940311	1.0	0.9999999999970155	0.9999999999970155
700	Glycerol-e0	Acetate-e0	Limosilactobacillus_reuteri_I49	0.9999999999939764	0.9999999999939764	1.0	0.9999999999969882	0.9999999999969882
703	Melitose-e0	Acetate-e0	Limosilactobacillus_reuteri_I49	5.99999999997226	5.99999999997226	1.0	2.4494897427775157	2.4494897427775157
708	D-Ribose-e0	Acetate-e0	Limosilactobacillus_reuteri_I49	1.9999999999936842	1.9999999999936842	1.0	1.414213562370862	1.414213562370862
714	Folate-e0	Acetate-e0	Limosilactobacillus_reuteri_I49	0.4999999999999876	0.4999999999999876	1.0	0.7071067811865388	0.7071067811865388
724	Sucrose	Acetate-e0	Limosilactobacillus_reuteri_I49	3.9999999999823745	3.9999999999823745	1.0	1.9999999999955935	1.9999999999955935
725	Thiamine	Acetate-e0	Limosilactobacillus_reuteri_I49	6.999999999976793	6.999999999976793	1.0	2.645751311060205	2.645751311060205
726	Riboflavin	Acetate-e0	Limosilactobacillus_reuteri_I49	3.999999999995548	3.999999999995548	1.0	1.999999999998887	1.999999999998887
727	PAN	Acetate-e0	Limosilactobacillus_reuteri_I49	-409.2815537079419	409.2815537079419	-1.0	20.23070818602112	-20.23070818602112
734	L-Asparagine-e0	L-Asparagine-e0	Limosilactobacillus_reuteri_I49	-0.9999999999999998	0.9999999999999998	-1.0	0.9999999999999999	-0.9999999999999999
736	PAN	Ca2+-e0	Limosilactobacillus_reuteri_I49	-0.7060625359676905	0.7060625359676905	-1.0	0.8402752739237842	-0.8402752739237842
738	PAN	Cu2+-e0	Limosilactobacillus_reuteri_I49	-0.7060625359677457	0.7060625359677457	-1.0	0.840275273923817	-0.840275273923817
739	Heme-e0	Fe2+-e0	Limosilactobacillus_reuteri_I49	0.999999999999917	0.999999999999917	1.0	0.9999999999999585	0.9999999999999585
741	PAN	Fe2+-e0	Limosilactobacillus_reuteri_I49	-1.7060625359578436	1.7060625359578436	-1.0	1.306163288397681	-1.306163288397681
743	Heme-e0	Fumarate-e0	Limosilactobacillus_reuteri_I49	1.0000000000007305	1.0000000000007305	1.0	1.0000000000003653	1.0000000000003653
750	Thiamine	Fumarate-e0	Limosilactobacillus_reuteri_I49	-0.9999999999987218	0.9999999999987218	-1.0	0.9999999999993608	-0.9999999999993608
751	PAN	Fumarate-e0	Limosilactobacillus_reuteri_I49	9.50394131804795	9.50394131804795	1.0	3.0828463013987495	3.0828463013987495
757	Glycerol-e0	Glycerol-e0	Limosilactobacillus_reuteri_I49	-1.0000000000000007	1.0000000000000007	-1.0	1.0000000000000002	-1.0000000000000002
763	PAN	K+-e0	Limosilactobacillus_reuteri_I49	-0.7060625359911146	0.7060625359911146	-1.0	0.8402752739377225	-0.8402752739377225
772	Melitose-e0	Melitose-e0	Limosilactobacillus_reuteri_I49	-0.9999999999999992	0.9999999999999992	-1.0	0.9999999999999996	-0.9999999999999996
773	L-Glutamate-e0	Succinate-e0	Limosilactobacillus_reuteri_I49	0.9999999999995817	0.9999999999995817	1.0	0.9999999999997908	0.9999999999997908
774	Heme-e0	Succinate-e0	Limosilactobacillus_reuteri_I49	4.999999999997015	4.999999999997015	1.0	2.2360679774991223	2.2360679774991223
775	L-Glutamine-e0	Succinate-e0	Limosilactobacillus_reuteri_I49	0.9999999999995786	0.9999999999995786	1.0	0.9999999999997893	0.9999999999997893
782	Folate-e0	Succinate-e0	Limosilactobacillus_reuteri_I49	0.9999999999998663	0.9999999999998663	1.0	0.9999999999999332	0.9999999999999332
784	PAN	Succinate-e0	Limosilactobacillus_reuteri_I49	-67.31887621230756	67.31887621230756	-1.0	8.204808115508099	-8.204808115508099
787	PAN	L-Tryptophan-e0	Limosilactobacillus_reuteri_I49	-6.121310173745045	6.121310173745045	-1.0	2.4741281643732695	-2.4741281643732695
793	PAN	Mg-e0	Limosilactobacillus_reuteri_I49	-0.7060625359674769	0.7060625359674769	-1.0	0.8402752739236571	-0.8402752739236571
795	D-Ribose-e0	D-Ribose-e0	Limosilactobacillus_reuteri_I49	-0.9999999999999986	0.9999999999999986	-1.0	0.9999999999999992	-0.9999999999999992
801	Folate-e0	Folate-e0	Limosilactobacillus_reuteri_I49	-0.9999999999999997	0.9999999999999997	-1.0	0.9999999999999998	-0.9999999999999998
808	Glycine-e0	CO2-e0	Limosilactobacillus_reuteri_I49	0.9999999999985693	0.9999999999985693	1.0	0.9999999999992846	0.9999999999992846
809	L-Glutamate-e0	CO2-e0	Limosilactobacillus_reuteri_I49	0.999999999998953	0.999999999998953	1.0	0.9999999999994764	0.9999999999994764
810	D-Glucose-e0	CO2-e0	Limosilactobacillus_reuteri_I49	1.9999999999974203	1.9999999999974203	1.0	1.414213562372183	1.414213562372183
811	Heme-e0	CO2-e0	Limosilactobacillus_reuteri_I49	-2.000000000003367	2.000000000003367	-1.0	1.4142135623742855	-1.4142135623742855
812	L-Aspartate-e0	CO2-e0	Limosilactobacillus_reuteri_I49	1.9999999999978029	1.9999999999978029	1.0	1.4142135623723182	1.4142135623723182
813	L-Arginine-e0	CO2-e0	Limosilactobacillus_reuteri_I49	0.9999999999995139	0.9999999999995139	1.0	0.999999999999757	0.999999999999757
814	L-Glutamine-e0	CO2-e0	Limosilactobacillus_reuteri_I49	0.9999999999990594	0.9999999999990594	1.0	0.9999999999995297	0.9999999999995297
815	Galactose-e0	CO2-e0	Limosilactobacillus_reuteri_I49	1.999999999996638	1.999999999996638	1.0	1.4142135623719063	1.4142135623719063
816	Putrescine-e0	CO2-e0	Limosilactobacillus_reuteri_I49	-1.0000000000001918	1.0000000000001918	-1.0	1.000000000000096	-1.000000000000096
818	L-Threonine-e0	CO2-e0	Limosilactobacillus_reuteri_I49	0.99999999999678	0.99999999999678	1.0	0.99999999999839	0.99999999999839
821	Spermidine-e0	CO2-e0	Limosilactobacillus_reuteri_I49	-1.0000000000015532	1.0000000000015532	-1.0	1.0000000000007765	-1.0000000000007765
822	L-Malate-e0	CO2-e0	Limosilactobacillus_reuteri_I49	1.999999999998438	1.999999999998438	1.0	1.4142135623725427	1.4142135623725427
824	L-Cysteine-e0	CO2-e0	Limosilactobacillus_reuteri_I49	0.9999999999990706	0.9999999999990706	1.0	0.9999999999995353	0.9999999999995353
825	L-Serine-e0	CO2-e0	Limosilactobacillus_reuteri_I49	0.9999999999987457	0.9999999999987457	1.0	0.9999999999993728	0.9999999999993728
826	Pyruvate-e0	CO2-e0	Limosilactobacillus_reuteri_I49	0.9999999999989869	0.9999999999989869	1.0	0.9999999999994934	0.9999999999994934
827	Glycolate-e0	CO2-e0	Limosilactobacillus_reuteri_I49	1.9999999999972062	1.9999999999972062	1.0	1.4142135623721073	1.4142135623721073
829	L-Asparagine-e0	CO2-e0	Limosilactobacillus_reuteri_I49	1.9999999999979876	1.9999999999979876	1.0	1.4142135623723835	1.4142135623723835
833	Glycerol-e0	CO2-e0	Limosilactobacillus_reuteri_I49	0.9999999999979428	0.9999999999979428	1.0	0.9999999999989714	0.9999999999989714
836	Melitose-e0	CO2-e0	Limosilactobacillus_reuteri_I49	5.999999999991097	5.999999999991097	1.0	2.4494897427813607	2.4494897427813607
841	D-Ribose-e0	CO2-e0	Limosilactobacillus_reuteri_I49	0.9999999999980465	0.9999999999980465	1.0	0.9999999999990232	0.9999999999990232
847	Folate-e0	CO2-e0	Limosilactobacillus_reuteri_I49	1.000000000001629	1.000000000001629	1.0	1.0000000000008145	1.0000000000008145
852	Urea-e0	CO2-e0	Limosilactobacillus_reuteri_I49	0.999999999999658	0.999999999999658	1.0	0.999999999999829	0.999999999999829
855	Sucrose	CO2-e0	Limosilactobacillus_reuteri_I49	3.9999999999943885	3.9999999999943885	1.0	1.9999999999985971	1.9999999999985971
856	Thiamine	CO2-e0	Limosilactobacillus_reuteri_I49	2.999999999995584	2.999999999995584	1.0	1.7320508075676024	1.7320508075676024
857	Riboflavin	CO2-e0	Limosilactobacillus_reuteri_I49	-0.9999999999992163	0.9999999999992163	-1.0	0.9999999999996081	-0.9999999999996081
858	PAN	CO2-e0	Limosilactobacillus_reuteri_I49	-132.39161182534167	132.39161182534167	-1.0	11.506155388544936	-11.506155388544936
863	Glycine-e0	O2-e0	Limosilactobacillus_reuteri_I49	-0.4999999999945815	0.4999999999945815	-1.0	0.7071067811827161	-0.7071067811827161
864	L-Glutamate-e0	O2-e0	Limosilactobacillus_reuteri_I49	-0.9999999999970685	0.9999999999970685	-1.0	0.9999999999985342	-0.9999999999985342
865	D-Glucose-e0	O2-e0	Limosilactobacillus_reuteri_I49	-1.999999999990286	1.999999999990286	-1.0	1.4142135623696606	-1.4142135623696606
866	Heme-e0	O2-e0	Limosilactobacillus_reuteri_I49	-5.999999999979122	5.999999999979122	-1.0	2.4494897427789164	-2.4494897427789164
867	L-Aspartate-e0	O2-e0	Limosilactobacillus_reuteri_I49	-0.9999999999925969	0.9999999999925969	-1.0	0.9999999999962984	-0.9999999999962984
868	L-Glutamine-e0	O2-e0	Limosilactobacillus_reuteri_I49	-0.9999999999970371	0.9999999999970371	-1.0	0.9999999999985185	-0.9999999999985185
869	Galactose-e0	O2-e0	Limosilactobacillus_reuteri_I49	-1.999999999987825	1.999999999987825	-1.0	1.4142135623687906	-1.4142135623687906
871	L-Threonine-e0	O2-e0	Limosilactobacillus_reuteri_I49	-0.9999999999879734	0.9999999999879734	-1.0	0.9999999999939867	-0.9999999999939867
874	Spermidine-e0	O2-e0	Limosilactobacillus_reuteri_I49	-0.9999999999898685	0.9999999999898685	-1.0	0.9999999999949343	-0.9999999999949343
877	L-Malate-e0	O2-e0	Limosilactobacillus_reuteri_I49	-0.9999999999944761	0.9999999999944761	-1.0	0.999999999997238	-0.999999999997238
879	L-Cysteine-e0	O2-e0	Limosilactobacillus_reuteri_I49	-0.4999999999963527	0.4999999999963527	-1.0	0.7071067811839685	-0.7071067811839685
880	L-Serine-e0	O2-e0	Limosilactobacillus_reuteri_I49	-0.4999999999950799	0.4999999999950799	-1.0	0.7071067811830685	-0.7071067811830685
881	Pyruvate-e0	O2-e0	Limosilactobacillus_reuteri_I49	-0.49999999999608735	0.49999999999608735	-1.0	0.7071067811837809	-0.7071067811837809
882	Glycolate-e0	O2-e0	Limosilactobacillus_reuteri_I49	-1.4999999999898779	1.4999999999898779	-1.0	1.2247448713874567	-1.2247448713874567
884	L-Asparagine-e0	O2-e0	Limosilactobacillus_reuteri_I49	-0.9999999999925195	0.9999999999925195	-1.0	0.9999999999962598	-0.9999999999962598
889	Glycerol-e0	O2-e0	Limosilactobacillus_reuteri_I49	-1.4999999999927136	1.4999999999927136	-1.0	1.2247448713886144	-1.2247448713886144
892	Melitose-e0	O2-e0	Limosilactobacillus_reuteri_I49	-5.999999999966241	5.999999999966241	-1.0	2.449489742776287	-2.449489742776287
897	D-Ribose-e0	O2-e0	Limosilactobacillus_reuteri_I49	-0.9999999999923009	0.9999999999923009	-1.0	0.9999999999961504	-0.9999999999961504
903	Folate-e0	O2-e0	Limosilactobacillus_reuteri_I49	-0.49999999999972516	0.49999999999972516	-1.0	0.7071067811863532	-0.7071067811863532
914	Sucrose	O2-e0	Limosilactobacillus_reuteri_I49	-3.9999999999785625	3.9999999999785625	-1.0	1.9999999999946405	-1.9999999999946405
915	Thiamine	O2-e0	Limosilactobacillus_reuteri_I49	-3.4999999999706026	3.4999999999706026	-1.0	1.8708286933791138	-1.8708286933791138
916	Riboflavin	O2-e0	Limosilactobacillus_reuteri_I49	-0.499999999994049	0.499999999994049	-1.0	0.7071067811823395	-0.7071067811823395
917	PAN	O2-e0	Limosilactobacillus_reuteri_I49	501.9003427499935	501.9003427499935	1.0	22.403132431648782	22.403132431648782
922	Spermidine-e0	5-Methylthio-D-ribose-e0	Limosilactobacillus_reuteri_I49	-0.9999999999999808	0.9999999999999808	-1.0	0.9999999999999903	-0.9999999999999903
924	PAN	5-Methylthio-D-ribose-e0	Limosilactobacillus_reuteri_I49	0.49999999999379013	0.49999999999379013	1.0	0.7071067811821565	0.7071067811821565
925	Urea-e0	Urea-e0	Limosilactobacillus_reuteri_I49	-1.0000000000000002	1.0000000000000002	-1.0	1.0	-1.0
929	L-Cysteine-e0	H2S-e0	Limosilactobacillus_reuteri_I49	0.9999999999999093	0.9999999999999093	1.0	0.9999999999999546	0.9999999999999546
931	Thiamine	H2S-e0	Limosilactobacillus_reuteri_I49	0.9999999999988581	0.9999999999988581	1.0	0.999999999999429	0.999999999999429
932	PAN	H2S-e0	Limosilactobacillus_reuteri_I49	-8.397459504706742	8.397459504706742	-1.0	2.897837039018368	-2.897837039018368
940	Sucrose	Sucrose	Limosilactobacillus_reuteri_I49	-0.9999999999999992	0.9999999999999992	-1.0	0.9999999999999996	-0.9999999999999996
941	Thiamine	Thiamine	Limosilactobacillus_reuteri_I49	-0.9999999999999999	0.9999999999999999	-1.0	0.9999999999999999	-0.9999999999999999
942	Riboflavin	Riboflavin	Limosilactobacillus_reuteri_I49	-1.0000000000000007	1.0000000000000007	-1.0	1.0000000000000002	-1.0000000000000002
944	PAN	Niacin	Limosilactobacillus_reuteri_I49	-0.9999999999168058	0.9999999999168058	-1.0	0.9999999999584028	-0.9999999999584028
945	PAN	PAN	Limosilactobacillus_reuteri_I49	-0.9999999999999964	0.9999999999999964	-1.0	0.9999999999999982	-0.9999999999999982
947	PAN	Cl	Limosilactobacillus_reuteri_I49	-0.7060625359695799	0.7060625359695799	-1.0	0.8402752739249084	-0.8402752739249084
948	Heme-e0	Inosine	Limosilactobacillus_reuteri_I49	1.9999999999989206	1.9999999999989206	1.0	1.4142135623727135	1.4142135623727135
956	Folate-e0	Inosine	Limosilactobacillus_reuteri_I49	0.9999999999996546	0.9999999999996546	1.0	0.9999999999998272	0.9999999999998272
958	Thiamine	Inosine	Limosilactobacillus_reuteri_I49	0.9999999999981669	0.9999999999981669	1.0	0.9999999999990834	0.9999999999990834
959	Riboflavin	Inosine	Limosilactobacillus_reuteri_I49	0.9999999999993398	0.9999999999993398	1.0	0.9999999999996698	0.9999999999996698
960	PAN	Inosine	Limosilactobacillus_reuteri_I49	-22.508390006682014	22.508390006682014	-1.0	4.744300792180236	-4.744300792180236
963	Cytosine	Cytosine	Limosilactobacillus_reuteri_I49	-0.9999999999999996	0.9999999999999996	-1.0	0.9999999999999998	-0.9999999999999998
965	PAN	Homocysteine-e0	Limosilactobacillus_reuteri_I49	0.9999999999900983	0.9999999999900983	1.0	0.9999999999950491	0.9999999999950491
966	Heme-e0	5'-Deoxyadenosine-e0	Limosilactobacillus_reuteri_I49	-1.9999999999995672	1.9999999999995672	-1.0	1.414213562372942	-1.414213562372942
968	Thiamine	5'-Deoxyadenosine-e0	Limosilactobacillus_reuteri_I49	-0.9999999999992032	0.9999999999992032	-1.0	0.9999999999996015	-0.9999999999996015
969	PAN	5'-Deoxyadenosine-e0	Limosilactobacillus_reuteri_I49	1.4999999998009312	1.4999999998009312	1.0	1.2247448713103195	1.2247448713103195
