	0.0000-0.6453	0.6453-0.6464	0.6468-1.3337	Source	Target
D-Glucose##bc1016##Metabolite##None	0.05745328770557882	0.05745328770557882	0.05745328770557882	D-Glucose	bc1016
bc1016##L-Alanine##Microbe##D-Glucose_e0	-0.026023178129174693	-0.026023178129174693	-0.026023178129174693	bc1016	L-Alanine
bc1016##L-Glutamate##Microbe##D-Glucose_e0	-0.014024275753891109	-0.014024275753891109	-0.014024275753891109	bc1016	L-Glutamate
bc1016##Riboflavin##Microbe##D-Glucose_e0	-0.0004836692086271653	-0.0004836692086271653	-0.0004836692086271653	bc1016	Riboflavin
bc1016##Zn2+##Microbe##D-Glucose_e0	-0.00016122306954357782	-0.00016122306954357782	-0.00016122306954357782	bc1016	Zn2+
bc1016##L-Histidine##Microbe##D-Glucose_e0	-0.004553954419615389	-0.004553954419615389	-0.004553954419615389	bc1016	L-Histidine
bc1016##Co2+##Microbe##D-Glucose_e0	-0.00016122306954343272	-0.00016122306954343272	-0.00016122306954343272	bc1016	Co2+
bc1016##D-Glucose##Microbe##D-Glucose_e0	-1.000000000000001	-1.000000000000001	-1.000000000000001	bc1016	D-Glucose
bc1016##K+##Microbe##D-Glucose_e0	-0.00016122306954369063	-0.00016122306954369063	-0.00016122306954369063	bc1016	K+
bc1016##L-Proline##Microbe##D-Glucose_e0	-0.01059178162764525	-0.01059178162764525	-0.01059178162764525	bc1016	L-Proline
bc1016##L-Glutamine##Microbe##D-Glucose_e0	-0.012587334687932916	-0.012587334687932916	-0.012587334687932916	bc1016	L-Glutamine
bc1016##Pyridoxal##Microbe##D-Glucose_e0	-0.00016122306954381856	-0.00016122306954381856	-0.00016122306954381856	bc1016	Pyridoxal
bc1016##TRHL##Microbe##D-Glucose_e0	-0.0034030548303741236	-0.0034030548303741236	-0.0034030548303741236	bc1016	TRHL
bc1016##AMP##Microbe##D-Glucose_e0	-0.006088123683416382	-0.006088123683416382	-0.006088123683416382	bc1016	AMP
bc1016##Deoxycytidine##Microbe##D-Glucose_e0	-0.0006896832404021166	-0.0006896832404021166	-0.0006896832404021166	bc1016	Deoxycytidine
bc1016##L-Cysteine##Microbe##D-Glucose_e0	-0.004374866324462453	-0.004374866324462453	-0.004374866324462453	bc1016	L-Cysteine
bc1016##Mn2+##Microbe##D-Glucose_e0	-0.00016122306954408536	-0.00016122306954408536	-0.00016122306954408536	bc1016	Mn2+
bc1016##D-Alanine##Microbe##D-Glucose_e0	-0.002873882131944701	-0.002873882131944701	-0.002873882131944701	bc1016	D-Alanine
bc1016##Chorismate##Microbe##D-Glucose_e0	-0.0003224461390862265	-0.0003224461390862265	-0.0003224461390862265	bc1016	Chorismate
bc1016##Glycerol##Microbe##D-Glucose_e0	-0.00357880492740255	-0.00357880492740255	-0.00357880492740255	bc1016	Glycerol
bc1016##4-Hydroxybenzoate##Microbe##D-Glucose_e0	-0.00016122306953369583	-0.00016122306953369583	-0.00016122306953369583	bc1016	4-Hydroxybenzoate
bc1016##L-Leucine##Microbe##D-Glucose_e0	-0.021567323459189224	-0.021567323459189224	-0.021567323459189224	bc1016	L-Leucine
bc1016##L-Aspartate##Microbe##D-Glucose_e0	-0.011538390130598736	-0.011538390130598736	-0.011538390130598736	bc1016	L-Aspartate
bc1016##L-Arginine##Microbe##D-Glucose_e0	-0.014173543530711782	-0.014173543530711782	-0.014173543530711782	bc1016	L-Arginine
bc1016##CMP##Microbe##D-Glucose_e0	-0.0013548885500875866	-0.0013548885500875866	-0.0013548885500875866	bc1016	CMP
bc1016##Sulfate##Microbe##D-Glucose_e0	-0.00016122306954377354	-0.00016122306954377354	-0.00016122306954377354	bc1016	Sulfate
bc1016##Acetate##Microbe##D-Glucose_e0	1.4964829358497282	1.4964829358497282	1.4964829358497282	bc1016	Acetate
bc1016##Putrescine##Microbe##D-Glucose_e0	-0.00016122306954374587	-0.00016122306954374587	-0.00016122306954374587	bc1016	Putrescine
bc1016##L-Phenylalanine##Microbe##D-Glucose_e0	-0.008877652716890791	-0.008877652716890791	-0.008877652716890791	bc1016	L-Phenylalanine
bc1016##Oxidized glutathione##Microbe##D-Glucose_e0	-8.061153477201887e-05	-8.061153477201887e-05	-8.061153477201887e-05	bc1016	Oxidized glutathione
bc1016##2-Oxoglutarate##Microbe##D-Glucose_e0	-0.00032244613908655705	-0.00032244613908655705	-0.00032244613908655705	bc1016	2-Oxoglutarate
bc1016##Uridine##Microbe##D-Glucose_e0	-0.0053798146350004464	-0.0053798146350004464	-0.0053798146350004464	bc1016	Uridine
bc1016##Ca2+##Microbe##D-Glucose_e0	-0.0001612230695431647	-0.0001612230695431647	-0.0001612230695431647	bc1016	Ca2+
bc1016##L-Tyrosine##Microbe##D-Glucose_e0	-0.006933267683796765	-0.006933267683796765	-0.006933267683796765	bc1016	L-Tyrosine
bc1016##Spermidine##Microbe##D-Glucose_e0	-0.00016122306954302794	-0.00016122306954302794	-0.00016122306954302794	bc1016	Spermidine
bc1016##Pimelate##Microbe##D-Glucose_e0	-0.0004252393321438339	-0.0004252393321438339	-0.0004252393321438339	bc1016	Pimelate
bc1016##NH3##Microbe##D-Glucose_e0	0.0008061153477152456	0.0008061153477152456	0.0008061153477152456	bc1016	NH3
bc1016##Glucose-1-phosphate##Microbe##D-Glucose_e0	-0.0037816504994862025	-0.0037816504994862025	-0.0037816504994862025	bc1016	Glucose-1-phosphate
bc1016##Cl-##Microbe##D-Glucose_e0	-0.00016122306954406752	-0.00016122306954406752	-0.00016122306954406752	bc1016	Cl-
bc1016##BET##Microbe##D-Glucose_e0	-0.00032244613907769646	-0.00032244613907769646	-0.00032244613907769646	bc1016	BET
bc1016##1,2-Diacyl-sn-glycerol dioctadecanoyl##Microbe##D-Glucose_e0	-0.007157609854813912	-0.007157609854813912	-0.007157609854813912	bc1016	1,2-Diacyl-sn-glycerol dioctadecanoyl
bc1016##fe3##Microbe##D-Glucose_e0	-0.00048366920862980575	-0.00048366920862980575	-0.00048366920862980575	bc1016	fe3
bc1016##L-Valine##Microbe##D-Glucose_e0	-0.0202369547523353	-0.0202369547523353	-0.0202369547523353	bc1016	L-Valine
bc1016##H+##Microbe##D-Glucose_e0	2.4287077039340965	2.4287077039340965	2.4287077039340965	bc1016	H+
bc1016##Cytidine##Microbe##D-Glucose_e0	-0.0034771406771894027	-0.0034771406771894027	-0.0034771406771894027	bc1016	Cytidine
bc1016##L-Methionine##Microbe##D-Glucose_e0	-0.007342611901289777	-0.007342611901289777	-0.007342611901289777	bc1016	L-Methionine
bc1016##BIOT##Microbe##D-Glucose_e0	-0.0001612230695442464	-0.0001612230695442464	-0.0001612230695442464	bc1016	BIOT
bc1016##Glycine##Microbe##D-Glucose_e0	-0.02881002635575413	-0.02881002635575413	-0.02881002635575413	bc1016	Glycine
bc1016##L-Isoleucine##Microbe##D-Glucose_e0	-0.01389211938118603	-0.01389211938118603	-0.01389211938118603	bc1016	L-Isoleucine
bc1016##ddca##Microbe##D-Glucose_e0	-0.002712659062405162	-0.002712659062405162	-0.002712659062405162	bc1016	ddca
bc1016##Myristic acid##Microbe##D-Glucose_e0	-0.005908987333427748	-0.005908987333427748	-0.005908987333427748	bc1016	Myristic acid
bc1016##dGTP##Microbe##D-Glucose_e0	-0.0006896832404011108	-0.0006896832404011108	-0.0006896832404011108	bc1016	dGTP
bc1016##NADP##Microbe##D-Glucose_e0	-0.0004836692086210254	-0.0004836692086210254	-0.0004836692086210254	bc1016	NADP
bc1016##D-Arabinose##Microbe##D-Glucose_e0	-0.004310823197917686	-0.004310823197917686	-0.004310823197917686	bc1016	D-Arabinose
bc1016##5-Aminolevulinate##Microbe##D-Glucose_e0	-0.0012897845563457336	-0.0012897845563457336	-0.0012897845563457336	bc1016	5-Aminolevulinate
bc1016##TTP##Microbe##D-Glucose_e0	-0.0011514359277811903	-0.0011514359277811903	-0.0011514359277811903	bc1016	TTP
bc1016##GTP##Microbe##D-Glucose_e0	-0.007940790125458919	-0.007940790125458919	-0.007940790125458919	bc1016	GTP
bc1016##hexadecenoate##Microbe##D-Glucose_e0	-0.0064803013567696684	-0.0064803013567696684	-0.0064803013567696684	bc1016	hexadecenoate
bc1016##Formate##Microbe##D-Glucose_e0	-0.00016122306954430076	-0.00016122306954430076	-0.00016122306954430076	bc1016	Formate
bc1016##CoA##Microbe##D-Glucose_e0	-0.0003224461390883423	-0.0003224461390883423	-0.0003224461390883423	bc1016	CoA
bc1016##Cu2+##Microbe##D-Glucose_e0	-0.00016122306954341776	-0.00016122306954341776	-0.00016122306954341776	bc1016	Cu2+
bc1016##L-Asparagine##Microbe##D-Glucose_e0	-0.011538390130597808	-0.011538390130597808	-0.011538390130597808	bc1016	L-Asparagine
bc1016##L-Lysine##Microbe##D-Glucose_e0	-0.016399352713331032	-0.016399352713331032	-0.016399352713331032	bc1016	L-Lysine
bc1016##L-Serine##Microbe##D-Glucose_e0	-0.012260983011364123	-0.012260983011364123	-0.012260983011364123	bc1016	L-Serine
bc1016##Citrate##Microbe##D-Glucose_e0	-0.0071847053298567266	-0.0071847053298567266	-0.0071847053298567266	bc1016	Citrate
bc1016##Thiamin##Microbe##D-Glucose_e0	-0.0001612230695437467	-0.0001612230695437467	-0.0001612230695437467	bc1016	Thiamin
bc1016##S-Adenosyl-L-methionine##Microbe##D-Glucose_e0	-0.00016122306954397233	-0.00016122306954397233	-0.00016122306954397233	bc1016	S-Adenosyl-L-methionine
bc1016##Niacin##Microbe##D-Glucose_e0	0.00016122306954311625	0.00016122306954311625	0.00016122306954311625	bc1016	Niacin
bc1016##dATP##Microbe##D-Glucose_e0	-0.0012320474625535818	-0.0012320474625535818	-0.0012320474625535818	bc1016	dATP
bc1016##L-Lactate##Microbe##D-Glucose_e0	0.9994146777715408	0.9994146777715408	0.9994146777715408	bc1016	L-Lactate
bc1016##Mg##Microbe##D-Glucose_e0	-0.00016122306954460448	-0.00016122306954460448	-0.00016122306954460448	bc1016	Mg
bc1016##Folate##Microbe##D-Glucose_e0	-0.0004836692086312178	-0.0004836692086312178	-0.0004836692086312178	bc1016	Folate
bc1016##CO2##Microbe##D-Glucose_e0	0.029881167868069925	0.029881167868069925	0.029881167868069925	bc1016	CO2
bc1016##H2O##Microbe##D-Glucose_e0	0.3507205509429018	0.3507205509429018	0.3507205509429018	bc1016	H2O
bc1016##Heme##Microbe##D-Glucose_e0	-0.00016122306954333962	-0.00016122306954333962	-0.00016122306954333962	bc1016	Heme
bc1016##meso-2,6-Diaminopimelate##Microbe##D-Glucose_e0	-0.0014369410659721262	-0.0014369410659721262	-0.0014369410659721262	bc1016	meso-2,6-Diaminopimelate
bc1016##O2##Microbe##D-Glucose_e0	-0.022417038486068692	-0.022417038486068692	-0.022417038486068692	bc1016	O2
bc1016##L-Tryptophan##Microbe##D-Glucose_e0	-0.0027119054408954596	-0.0027119054408954596	-0.0027119054408954596	bc1016	L-Tryptophan
bc1016##Chitobiose##Microbe##D-Glucose_e0	-0.002954493666715302	-0.002954493666715302	-0.002954493666715302	bc1016	Chitobiose
bc1016##L-Threonine##Microbe##D-Glucose_e0	-0.01212682244324562	-0.01212682244324562	-0.01212682244324562	bc1016	L-Threonine
O2##bc1010##Metabolite##None	0.1525294697219451	0.0	0.0	O2	bc1010
bc1010##L-Lysine##Microbe##O2_e0	-0.04353770990384878	0.0	0.0	bc1010	L-Lysine
bc1010##UMP##Microbe##O2_e0	-0.014282564257839837	0.0	0.0	bc1010	UMP
bc1010##K+##Microbe##O2_e0	-0.00042802196856684386	0.0	0.0	bc1010	K+
bc1010##Cl-##Microbe##O2_e0	-0.00042802196856808945	0.0	0.0	bc1010	Cl-
bc1010##TRHL##Microbe##O2_e0	-0.009034576948351122	0.0	0.0	bc1010	TRHL
bc1010##Nicotinamide ribonucleotide##Microbe##O2_e0	-0.0004280219685683248	0.0	0.0	bc1010	Nicotinamide ribonucleotide
bc1010##L-Arginine##Microbe##O2_e0	-0.037628535548724126	0.0	0.0	bc1010	L-Arginine
bc1010##Mg##Microbe##O2_e0	-0.00042802196856743605	0.0	0.0	bc1010	Mg
bc1010##CO2##Microbe##O2_e0	1.1068172984247227	0.0	0.0	bc1010	CO2
bc1010##Niacin##Microbe##O2_e0	0.00042802196856877613	0.0	0.0	bc1010	Niacin
bc1010##Myristic acid##Microbe##O2_e0	-0.010355832441977467	0.0	0.0	bc1010	Myristic acid
bc1010##Glycine##Microbe##O2_e0	-0.07605808036271322	0.0	0.0	bc1010	Glycine
bc1010##H2O##Microbe##O2_e0	2.035646666388101	0.0	0.0	bc1010	H2O
bc1010##NADP##Microbe##O2_e0	-0.0008560439371292261	0.0	0.0	bc1010	NADP
bc1010##ddca##Microbe##O2_e0	-0.012533286795649867	0.0	0.0	bc1010	ddca
bc1010##Sulfate##Microbe##O2_e0	-0.00042802196856825387	0.0	0.0	bc1010	Sulfate
bc1010##Deoxyguanosine##Microbe##O2_e0	-0.0004280219685678887	0.0	0.0	bc1010	Deoxyguanosine
bc1010##NH3##Microbe##O2_e0	0.00042802196856684386	0.0	0.0	bc1010	NH3
bc1010##2-Oxoglutarate##Microbe##O2_e0	-0.0008560439371343456	0.0	0.0	bc1010	2-Oxoglutarate
bc1010##Adenosine##Microbe##O2_e0	-0.005429182532255864	0.0	0.0	bc1010	Adenosine
bc1010##L-Asparagine##Microbe##O2_e0	-0.030632616484611484	0.0	0.0	bc1010	L-Asparagine
bc1010##Ca2+##Microbe##O2_e0	-0.00042802196856864185	0.0	0.0	bc1010	Ca2+
bc1010##Chorismate##Microbe##O2_e0	-0.0008560439371334816	0.0	0.0	bc1010	Chorismate
bc1010##Folate##Microbe##O2_e0	-0.001284065905705528	0.0	0.0	bc1010	Folate
bc1010##L-Leucine##Microbe##O2_e0	-0.057257861854828306	0.0	0.0	bc1010	L-Leucine
bc1010##Succinate##Microbe##O2_e0	0.0004280219685770172	0.0	0.0	bc1010	Succinate
bc1010##AMP##Microbe##O2_e0	-0.010947842164899267	0.0	0.0	bc1010	AMP
bc1010##L-Cysteine##Microbe##O2_e0	-0.011614584077313878	0.0	0.0	bc1010	L-Cysteine
bc1010##L-Threonine##Microbe##O2_e0	-0.03219481200378336	0.0	0.0	bc1010	L-Threonine
bc1010##CMP##Microbe##O2_e0	-0.012828279897476449	0.0	0.0	bc1010	CMP
bc1010##L-Aspartate##Microbe##O2_e0	-0.030632616484611856	0.0	0.0	bc1010	L-Aspartate
bc1010##L-Glutamate##Microbe##O2_e0	-0.021544818214012197	0.0	0.0	bc1010	L-Glutamate
bc1010##fe3##Microbe##O2_e0	-0.001284065905708344	0.0	0.0	bc1010	fe3
bc1010##L-Serine##Microbe##O2_e0	-0.03297900924325392	0.0	0.0	bc1010	L-Serine
bc1010##BET##Microbe##O2_e0	-0.0008560439371353559	0.0	0.0	bc1010	BET
bc1010##Deoxycytidine##Microbe##O2_e0	-0.003226662528354575	0.0	0.0	bc1010	Deoxycytidine
bc1010##BIOT##Microbe##O2_e0	-0.00042802196856812425	0.0	0.0	bc1010	BIOT
bc1010##Glycerol##Microbe##O2_e0	-0.009501165896947241	0.0	0.0	bc1010	Glycerol
bc1010##TTP##Microbe##O2_e0	-0.0016597768706663203	0.0	0.0	bc1010	TTP
bc1010##4-Hydroxybenzoate##Microbe##O2_e0	-0.0004280219685686679	0.0	0.0	bc1010	4-Hydroxybenzoate
bc1010##5-Aminolevulinate##Microbe##O2_e0	-0.0034241757485407908	0.0	0.0	bc1010	5-Aminolevulinate
bc1010##Spermidine##Microbe##O2_e0	-0.00042802196856754637	0.0	0.0	bc1010	Spermidine
bc1010##L-Phenylalanine##Microbe##O2_e0	-0.023568775876184788	0.0	0.0	bc1010	L-Phenylalanine
bc1010##L-Isoleucine##Microbe##O2_e0	-0.036881398561293674	0.0	0.0	bc1010	L-Isoleucine
bc1010##CoA##Microbe##O2_e0	-0.0008560439371320325	0.0	0.0	bc1010	CoA
bc1010##O2##Microbe##O2_e0	-1.0000000000000022	0.0	0.0	bc1010	O2
bc1010##S-Adenosyl-L-methionine##Microbe##O2_e0	-0.0012840659057019655	0.0	0.0	bc1010	S-Adenosyl-L-methionine
bc1010##D-Glucose##Microbe##O2_e0	-0.5655422262276018	0.0	0.0	bc1010	D-Glucose
bc1010##Fumarate##Microbe##O2_e0	-0.00042802196857152615	0.0	0.0	bc1010	Fumarate
bc1010##Acetate##Microbe##O2_e0	0.8742067936044142	0.0	0.0	bc1010	Acetate
bc1010##Zn2+##Microbe##O2_e0	-0.0004280219685693922	0.0	0.0	bc1010	Zn2+
bc1010##Oxidized glutathione##Microbe##O2_e0	-0.0002140109842830976	0.0	0.0	bc1010	Oxidized glutathione
bc1010##dATP##Microbe##O2_e0	-0.0016597768706660288	0.0	0.0	bc1010	dATP
bc1010##L-Histidine##Microbe##O2_e0	-0.012090034887496852	0.0	0.0	bc1010	L-Histidine
bc1010##Ala-Ala##Microbe##O2_e0	-0.0038148532062737073	0.0	0.0	bc1010	Ala-Ala
bc1010##L-Valine##Microbe##O2_e0	-0.05372594155061478	0.0	0.0	bc1010	L-Valine
bc1010##Heme##Microbe##O2_e0	-0.0004280219685660604	0.0	0.0	bc1010	Heme
bc1010##L-Tyrosine##Microbe##O2_e0	-0.018406738508493184	0.0	0.0	bc1010	L-Tyrosine
bc1010##Riboflavin##Microbe##O2_e0	-0.001284065905704562	0.0	0.0	bc1010	Riboflavin
bc1010##H+##Microbe##O2_e0	0.7846525849736092	0.0	0.0	bc1010	H+
bc1010##GTP##Microbe##O2_e0	-0.02065353063493762	0.0	0.0	bc1010	GTP
bc1010##Pyridoxal##Microbe##O2_e0	-0.0004280219685698141	0.0	0.0	bc1010	Pyridoxal
bc1010##L-Alanine##Microbe##O2_e0	-0.06908745728988683	0.0	0.0	bc1010	L-Alanine
bc1010##Mn2+##Microbe##O2_e0	-0.00042802196856917804	0.0	0.0	bc1010	Mn2+
bc1010##L-Methionine##Microbe##O2_e0	-0.01863743928034579	0.0	0.0	bc1010	L-Methionine
bc1010##L-Tryptophan##Microbe##O2_e0	-0.007199683697050819	0.0	0.0	bc1010	L-Tryptophan
bc1010##D-Arabinose##Microbe##O2_e0	-0.01144455961881058	0.0	0.0	bc1010	D-Arabinose
bc1010##Cu2+##Microbe##O2_e0	-0.00042802196856972155	0.0	0.0	bc1010	Cu2+
bc1010##dGTP##Microbe##O2_e0	-0.0027986405597875148	0.0	0.0	bc1010	dGTP
bc1010##Thiamin##Microbe##O2_e0	-0.0004280219685670963	0.0	0.0	bc1010	Thiamin
bc1010##Putrescine##Microbe##O2_e0	-0.00042802196856711985	0.0	0.0	bc1010	Putrescine
bc1010##L-Glutamine##Microbe##O2_e0	-0.04910483459504716	0.0	0.0	bc1010	L-Glutamine
bc1010##meso-2,6-Diaminopimelate##Microbe##O2_e0	-0.0038148532062719943	0.0	0.0	bc1010	meso-2,6-Diaminopimelate
bc1010##L-Proline##Microbe##O2_e0	-0.028119519345074683	0.0	0.0	bc1010	L-Proline
bc1010##1,2-Diacyl-sn-glycerol dioctadecanoyl##Microbe##O2_e0	-0.019002331793892994	0.0	0.0	bc1010	1,2-Diacyl-sn-glycerol dioctadecanoyl
bc1010##Co2+##Microbe##O2_e0	-0.0004280219685682492	0.0	0.0	bc1010	Co2+
bc1010##Nitrite##Microbe##O2_e0	0.001712087874259175	0.0	0.0	bc1010	Nitrite
O2##bc1015##Metabolite##None	0.15324853629752633	0.15324853629752633	0.0	O2	bc1015
bc1015##O2##Microbe##O2_e0	-1.0	-1.0	0.0	bc1015	O2
bc1015##Mg##Microbe##O2_e0	-0.0004300397838237578	-0.0004300397838237578	0.0	bc1015	Mg
bc1015##NH3##Microbe##O2_e0	0.0021501989191229083	0.0021501989191229083	0.0	bc1015	NH3
bc1015##AMP##Microbe##O2_e0	-0.016454230572098705	-0.016454230572098705	0.0	bc1015	AMP
bc1015##L-Asparagine##Microbe##O2_e0	-0.03077702720522029	-0.03077702720522029	0.0	bc1015	L-Asparagine
bc1015##4-Hydroxybenzoate##Microbe##O2_e0	-0.0004300397838117923	-0.0004300397838117923	0.0	bc1015	4-Hydroxybenzoate
bc1015##N-Acetyl-D-glucosamine##Microbe##O2_e0	-0.01576138974831096	-0.01576138974831096	0.0	bc1015	N-Acetyl-D-glucosamine
bc1015##ddca##Microbe##O2_e0	-0.010012133511630047	-0.010012133511630047	0.0	bc1015	ddca
bc1015##L-Isoleucine##Microbe##O2_e0	-0.03705526778810123	-0.03705526778810123	0.0	bc1015	L-Isoleucine
bc1015##CoA##Microbe##O2_e0	-0.0008600795676485535	-0.0008600795676485535	0.0	bc1015	CoA
bc1015##L-Glutamine##Microbe##O2_e0	-0.03271485920168494	-0.03271485920168494	0.0	bc1015	L-Glutamine
bc1015##BET##Microbe##O2_e0	-0.0008600795676383293	-0.0008600795676383293	0.0	bc1015	BET
bc1015##Glycine##Microbe##O2_e0	-0.07684667920723608	-0.07684667920723608	0.0	bc1015	Glycine
bc1015##dGTP##Microbe##O2_e0	-0.0018104299737457083	-0.0018104299737457083	0.0	bc1015	dGTP
bc1015##fe3##Microbe##O2_e0	-0.0012901193514718255	-0.0012901193514718255	0.0	bc1015	fe3
bc1015##Arsenate##Microbe##O2_e0	0.00021501989191357153	0.00021501989191357153	0.0	bc1015	Arsenate
bc1015##meso-2,6-Diaminopimelate##Microbe##O2_e0	-0.0038328374911225167	-0.0038328374911225167	0.0	bc1015	meso-2,6-Diaminopimelate
bc1015##Deoxycytidine##Microbe##O2_e0	-0.0022404697575750814	-0.0022404697575750814	0.0	bc1015	Deoxycytidine
bc1015##D-Glucose##Microbe##O2_e0	-0.5498210459980584	-0.5498210459980584	0.0	bc1015	D-Glucose
bc1015##Heme##Microbe##O2_e0	-0.00043003978382413283	-0.00043003978382413283	0.0	bc1015	Heme
bc1015##Nicotinamide ribonucleotide##Microbe##O2_e0	-0.0004300397838242411	-0.0004300397838242411	0.0	bc1015	Nicotinamide ribonucleotide
bc1015##Mn2+##Microbe##O2_e0	-0.00043003978382575604	-0.00043003978382575604	0.0	bc1015	Mn2+
bc1015##Co2+##Microbe##O2_e0	-0.0004300397838240047	-0.0004300397838240047	0.0	bc1015	Co2+
bc1015##L-Glutamate##Microbe##O2_e0	-0.03912793539575096	-0.03912793539575096	0.0	bc1015	L-Glutamate
bc1015##L-Serine##Microbe##O2_e0	-0.032704441731679995	-0.032704441731679995	0.0	bc1015	L-Serine
bc1015##Ala-Ala##Microbe##O2_e0	-0.003832837491122543	-0.003832837491122543	0.0	bc1015	Ala-Ala
bc1015##Thiamin##Microbe##O2_e0	-0.0004300397838266751	-0.0004300397838266751	0.0	bc1015	Thiamin
bc1015##Spermidine##Microbe##O2_e0	-0.00043003978382583514	-0.00043003978382583514	0.0	bc1015	Spermidine
bc1015##L-Proline##Microbe##O2_e0	-0.028252082622971516	-0.028252082622971516	0.0	bc1015	L-Proline
bc1015##PPi##Microbe##O2_e0	0.004231566005145316	0.004231566005145316	0.0	bc1015	PPi
bc1015##Zn2+##Microbe##O2_e0	-0.00043003978382584744	-0.00043003978382584744	0.0	bc1015	Zn2+
bc1015##dATP##Microbe##O2_e0	-0.002670041261522829	-0.002670041261522829	0.0	bc1015	dATP
bc1015##K+##Microbe##O2_e0	-0.00043003978382567646	-0.00043003978382567646	0.0	bc1015	K+
bc1015##Chorismate##Microbe##O2_e0	-0.0008600795676508609	-0.0008600795676508609	0.0	bc1015	Chorismate
bc1015##L-Cysteine##Microbe##O2_e0	-0.011669338474704164	-0.011669338474704164	0.0	bc1015	L-Cysteine
bc1015##L-Leucine##Microbe##O2_e0	-0.05752779142793817	-0.05752779142793817	0.0	bc1015	L-Leucine
bc1015##CMP##Microbe##O2_e0	-0.012888755996375095	-0.012888755996375095	0.0	bc1015	CMP
bc1015##Putrescine##Microbe##O2_e0	-0.00043003978382564123	-0.00043003978382564123	0.0	bc1015	Putrescine
bc1015##L-Valine##Microbe##O2_e0	-0.05397922066369908	-0.05397922066369908	0.0	bc1015	L-Valine
bc1015##Cu2+##Microbe##O2_e0	-0.0004300397838239506	-0.0004300397838239506	0.0	bc1015	Cu2+
bc1015##L-Methionine##Microbe##O2_e0	-0.018725301381137982	-0.018725301381137982	0.0	bc1015	L-Methionine
bc1015##Niacin##Microbe##O2_e0	0.00043003978382496425	0.00043003978382496425	0.0	bc1015	Niacin
bc1015##1,2-Diacyl-sn-glycerol dioctadecanoyl##Microbe##O2_e0	-0.019091914100024986	-0.019091914100024986	0.0	bc1015	1,2-Diacyl-sn-glycerol dioctadecanoyl
bc1015##5-Aminolevulinate##Microbe##O2_e0	-0.0034403182705973084	-0.0034403182705973084	0.0	bc1015	5-Aminolevulinate
bc1015##Glycerol##Microbe##O2_e0	-0.009545957050011893	-0.009545957050011893	0.0	bc1015	Glycerol
bc1015##L-Aspartate##Microbe##O2_e0	-0.030777027205217453	-0.030777027205217453	0.0	bc1015	L-Aspartate
bc1015##H+##Microbe##O2_e0	0.7807994454782075	0.7807994454782075	0.0	bc1015	H+
bc1015##Ca2+##Microbe##O2_e0	-0.0004300397838245362	-0.0004300397838245362	0.0	bc1015	Ca2+
bc1015##BIOT##Microbe##O2_e0	-0.00043003978382483913	-0.00043003978382483913	0.0	bc1015	BIOT
bc1015##Formate##Microbe##O2_e0	-0.0004300397838248277	-0.0004300397838248277	0.0	bc1015	Formate
bc1015##CO2##Microbe##O2_e0	1.1067833153116753	1.1067833153116753	0.0	bc1015	CO2
bc1015##L-Tryptophan##Microbe##O2_e0	-0.007233625019410791	-0.007233625019410791	0.0	bc1015	L-Tryptophan
bc1015##TTP##Microbe##O2_e0	-0.0026700412615186827	-0.0026700412615186827	0.0	bc1015	TTP
bc1015##Arsenite##Microbe##O2_e0	-0.00021501989191276998	-0.00021501989191276998	0.0	bc1015	Arsenite
bc1015##Sulfate##Microbe##O2_e0	-0.0004300397838266395	-0.0004300397838266395	0.0	bc1015	Sulfate
bc1015##Oxidized glutathione##Microbe##O2_e0	-0.00021501989191231738	-0.00021501989191231738	0.0	bc1015	Oxidized glutathione
bc1015##L-Threonine##Microbe##O2_e0	-0.03234658735093933	-0.03234658735093933	0.0	bc1015	L-Threonine
bc1015##L-Histidine##Microbe##O2_e0	-0.012147030692968859	-0.012147030692968859	0.0	bc1015	L-Histidine
bc1015##Cl-##Microbe##O2_e0	-0.0004300397838256223	-0.0004300397838256223	0.0	bc1015	Cl-
bc1015##Pyridoxal##Microbe##O2_e0	-0.00043003978382489866	-0.00043003978382489866	0.0	bc1015	Pyridoxal
bc1015##S-Adenosyl-L-methionine##Microbe##O2_e0	-0.0012901193514664798	-0.0012901193514664798	0.0	bc1015	S-Adenosyl-L-methionine
bc1015##Folate##Microbe##O2_e0	-0.0012901193514675555	-0.0012901193514675555	0.0	bc1015	Folate
bc1015##L-Phenylalanine##Microbe##O2_e0	-0.023679885676742753	-0.023679885676742753	0.0	bc1015	L-Phenylalanine
bc1015##Deoxyguanosine##Microbe##O2_e0	-0.00043003978382804203	-0.00043003978382804203	0.0	bc1015	Deoxyguanosine
bc1015##Myristic acid##Microbe##O2_e0	-0.0129848914350911	-0.0129848914350911	0.0	bc1015	Myristic acid
bc1015##TRHL##Microbe##O2_e0	-0.009077168470639434	-0.009077168470639434	0.0	bc1015	TRHL
bc1015##D-Arabinose##Microbe##O2_e0	-0.011498512473358454	-0.011498512473358454	0.0	bc1015	D-Arabinose
bc1015##UMP##Microbe##O2_e0	-0.01434989625991365	-0.01434989625991365	0.0	bc1015	UMP
bc1015##NADP##Microbe##O2_e0	-0.000860079567645548	-0.000860079567645548	0.0	bc1015	NADP
bc1015##L-Alanine##Microbe##O2_e0	-0.06941315488405905	-0.06941315488405905	0.0	bc1015	L-Alanine
bc1015##Acetate##Microbe##O2_e0	0.8914178479731331	0.8914178479731331	0.0	bc1015	Acetate
bc1015##Riboflavin##Microbe##O2_e0	-0.0012901193522732207	-0.0012901193522732207	0.0	bc1015	Riboflavin
bc1015##GTP##Microbe##O2_e0	-0.02075089715417181	-0.02075089715417181	0.0	bc1015	GTP
bc1015##L-Tyrosine##Microbe##O2_e0	-0.018493513021318117	-0.018493513021318117	0.0	bc1015	L-Tyrosine
bc1015##L-Lysine##Microbe##O2_e0	-0.04374295884378097	-0.04374295884378097	0.0	bc1015	L-Lysine
bc1015##L-Arginine##Microbe##O2_e0	-0.037805926988227066	-0.037805926988227066	0.0	bc1015	L-Arginine
bc1015##H2O##Microbe##O2_e0	2.0195705202845673	2.0195705202845673	0.0	bc1015	H2O
O2##bc1011##Metabolite##None	0.15278557913560206	0.0	0.0	O2	bc1011
bc1011##1,2-Diacyl-sn-glycerol dioctadecanoyl##Microbe##O2_e0	-0.019034238258016065	0.0	0.0	bc1011	1,2-Diacyl-sn-glycerol dioctadecanoyl
bc1011##Folate##Microbe##O2_e0	-0.0012862219570316507	0.0	0.0	bc1011	Folate
bc1011##L-Leucine##Microbe##O2_e0	-0.057354002472464305	0.0	0.0	bc1011	L-Leucine
bc1011##L-Lysine##Microbe##O2_e0	-0.04361081326790983	0.0	0.0	bc1011	L-Lysine
bc1011##L-Valine##Microbe##O2_e0	-0.05381615178614316	0.0	0.0	bc1011	L-Valine
bc1011##4-Hydroxybenzoate##Microbe##O2_e0	-0.00042874065234112225	0.0	0.0	bc1011	4-Hydroxybenzoate
bc1011##5-Aminolevulinate##Microbe##O2_e0	-0.0034299252187462966	0.0	0.0	bc1011	5-Aminolevulinate
bc1011##L-Threonine##Microbe##O2_e0	-0.0322488697176126	0.0	0.0	bc1011	L-Threonine
bc1011##L-Glutamine##Microbe##O2_e0	-0.048329804310605594	0.0	0.0	bc1011	L-Glutamine
bc1011##D-Arabinose##Microbe##O2_e0	-0.011463775967364757	0.0	0.0	bc1011	D-Arabinose
bc1011##Co2+##Microbe##O2_e0	-0.0004287406523436731	0.0	0.0	bc1011	Co2+
bc1011##Ca2+##Microbe##O2_e0	-0.0004287406523427215	0.0	0.0	bc1011	Ca2+
bc1011##Putrescine##Microbe##O2_e0	-0.0004287406523454754	0.0	0.0	bc1011	Putrescine
bc1011##Riboflavin##Microbe##O2_e0	-0.001286221957036697	0.0	0.0	bc1011	Riboflavin
bc1011##Mg##Microbe##O2_e0	-0.0004287406523446112	0.0	0.0	bc1011	Mg
bc1011##BET##Microbe##O2_e0	-0.000857481304688981	0.0	0.0	bc1011	BET
bc1011##L-Asparagine##Microbe##O2_e0	-0.03068405114481698	0.0	0.0	bc1011	L-Asparagine
bc1011##Sulfate##Microbe##O2_e0	-0.00042874065234605575	0.0	0.0	bc1011	Sulfate
bc1011##AMP##Microbe##O2_e0	-0.011751142378306633	0.0	0.0	bc1011	AMP
bc1011##Myristic acid##Microbe##O2_e0	-0.009515739424177225	0.0	0.0	bc1011	Myristic acid
bc1011##dATP##Microbe##O2_e0	-0.001401014538498004	0.0	0.0	bc1011	dATP
bc1011##L-Phenylalanine##Microbe##O2_e0	-0.023608349772176854	0.0	0.0	bc1011	L-Phenylalanine
bc1011##Zn2+##Microbe##O2_e0	-0.0004287406523451301	0.0	0.0	bc1011	Zn2+
bc1011##L-Proline##Microbe##O2_e0	-0.028166734310322104	0.0	0.0	bc1011	L-Proline
bc1011##TRHL##Microbe##O2_e0	-0.009049746739535463	0.0	0.0	bc1011	TRHL
bc1011##Nitrite##Microbe##O2_e0	0.0021437032617463146	0.0	0.0	bc1011	Nitrite
bc1011##D-Alanine##Microbe##O2_e0	-0.007642517311564222	0.0	0.0	bc1011	D-Alanine
bc1011##L-Alanine##Microbe##O2_e0	-0.06920346076259143	0.0	0.0	bc1011	L-Alanine
bc1011##CO2##Microbe##O2_e0	1.1067822830501668	0.0	0.0	bc1011	CO2
bc1011##L-Glutamate##Microbe##O2_e0	-0.023295956329484533	0.0	0.0	bc1011	L-Glutamate
bc1011##L-Isoleucine##Microbe##O2_e0	-0.036943325435999916	0.0	0.0	bc1011	L-Isoleucine
bc1011##Glycerol##Microbe##O2_e0	-0.009517119129007283	0.0	0.0	bc1011	Glycerol
bc1011##Cl-##Microbe##O2_e0	-0.00042874065234430465	0.0	0.0	bc1011	Cl-
bc1011##L-Tyrosine##Microbe##O2_e0	-0.018437644922939967	0.0	0.0	bc1011	L-Tyrosine
bc1011##L-Tryptophan##Microbe##O2_e0	-0.007211772552883939	0.0	0.0	bc1011	L-Tryptophan
bc1011##TTP##Microbe##O2_e0	-0.0014010145384934288	0.0	0.0	bc1011	TTP
bc1011##Formate##Microbe##O2_e0	-0.000428740652342662	0.0	0.0	bc1011	Formate
bc1011##L-Serine##Microbe##O2_e0	-0.03260564303583227	0.0	0.0	bc1011	L-Serine
bc1011##Oxidized glutathione##Microbe##O2_e0	-0.00021437032617179855	0.0	0.0	bc1011	Oxidized glutathione
bc1011##CoA##Microbe##O2_e0	-0.0008574813047058282	0.0	0.0	bc1011	CoA
bc1011##GTP##Microbe##O2_e0	-0.020688209596520866	0.0	0.0	bc1011	GTP
bc1011##Spermidine##Microbe##O2_e0	-0.00042874065234489755	0.0	0.0	bc1011	Spermidine
bc1011##K+##Microbe##O2_e0	-0.00042874065234464135	0.0	0.0	bc1011	K+
bc1011##L-Arginine##Microbe##O2_e0	-0.03769171692733778	0.0	0.0	bc1011	L-Arginine
bc1011##Niacin##Microbe##O2_e0	0.00042874065234300247	0.0	0.0	bc1011	Niacin
bc1011##Chorismate##Microbe##O2_e0	-0.0008574813046945209	0.0	0.0	bc1011	Chorismate
bc1011##L-Cysteine##Microbe##O2_e0	-0.011634085910784641	0.0	0.0	bc1011	L-Cysteine
bc1011##H+##Microbe##O2_e0	0.7828635106273613	0.0	0.0	bc1011	H+
bc1011##Adenosine##Microbe##O2_e0	-0.004653380678325527	0.0	0.0	bc1011	Adenosine
bc1011##Glycine##Microbe##O2_e0	-0.07661452873213119	0.0	0.0	bc1011	Glycine
bc1011##ddca##Microbe##O2_e0	-0.013411812510559186	0.0	0.0	bc1011	ddca
bc1011##Thiamin##Microbe##O2_e0	-0.00042874065234550156	0.0	0.0	bc1011	Thiamin
bc1011##fe3##Microbe##O2_e0	-0.001286221957037007	0.0	0.0	bc1011	fe3
bc1011##L-Histidine##Microbe##O2_e0	-0.012110335041635676	0.0	0.0	bc1011	L-Histidine
bc1011##Deoxycytidine##Microbe##O2_e0	-0.0034933593951217328	0.0	0.0	bc1011	Deoxycytidine
bc1011##UMP##Microbe##O2_e0	-0.01430654584752483	0.0	0.0	bc1011	UMP
bc1011##Deoxyguanosine##Microbe##O2_e0	-0.00042874065234495414	0.0	0.0	bc1011	Deoxyguanosine
bc1011##dGTP##Microbe##O2_e0	-0.0030646187427756768	0.0	0.0	bc1011	dGTP
bc1011##D-Glucose##Microbe##O2_e0	-0.5655450918052501	0.0	0.0	bc1011	D-Glucose
bc1011##Acetate##Microbe##O2_e0	0.8729237249255308	0.0	0.0	bc1011	Acetate
bc1011##NADP##Microbe##O2_e0	-0.0008574813046767902	0.0	0.0	bc1011	NADP
bc1011##Mn2+##Microbe##O2_e0	-0.00042874065234409307	0.0	0.0	bc1011	Mn2+
bc1011##BIOT##Microbe##O2_e0	-0.0004287406523462478	0.0	0.0	bc1011	BIOT
bc1011##L-Aspartate##Microbe##O2_e0	-0.03068405114481932	0.0	0.0	bc1011	L-Aspartate
bc1011##Pyridoxal##Microbe##O2_e0	-0.0004287406523459267	0.0	0.0	bc1011	Pyridoxal
bc1011##Nicotinamide ribonucleotide##Microbe##O2_e0	-0.0004287406523409757	0.0	0.0	bc1011	Nicotinamide ribonucleotide
bc1011##S-Adenosyl-L-methionine##Microbe##O2_e0	-0.0012862219570340487	0.0	0.0	bc1011	S-Adenosyl-L-methionine
bc1011##meso-2,6-Diaminopimelate##Microbe##O2_e0	-0.003821258655783422	0.0	0.0	bc1011	meso-2,6-Diaminopimelate
bc1011##O2##Microbe##O2_e0	-0.9999999999999967	0.0	0.0	bc1011	O2
bc1011##Heme##Microbe##O2_e0	-0.0004287406523443221	0.0	0.0	bc1011	Heme
bc1011##L-Methionine##Microbe##O2_e0	-0.01866873306019428	0.0	0.0	bc1011	L-Methionine
bc1011##H2O##Microbe##O2_e0	2.042706912113536	0.0	0.0	bc1011	H2O
bc1011##CMP##Microbe##O2_e0	-0.012849819625166927	0.0	0.0	bc1011	CMP
bc1011##Cu2+##Microbe##O2_e0	-0.0004287406523448992	0.0	0.0	bc1011	Cu2+
D-Glucose##bc1010##Metabolite##None	0.0	0.2697048295392189	0.2697048295392189	D-Glucose	bc1010
bc1010##L-Lysine##Microbe##D-Glucose_e0	0.0	-0.07698401266031622	-0.07698401266031622	bc1010	L-Lysine
bc1010##UMP##Microbe##D-Glucose_e0	0.0	-0.025254638107414937	-0.025254638107414937	bc1010	UMP
bc1010##K+##Microbe##D-Glucose_e0	0.0	-0.0007568346777957313	-0.0007568346777957313	bc1010	K+
bc1010##Cl-##Microbe##D-Glucose_e0	0.0	-0.0007568346777979229	-0.0007568346777979229	bc1010	Cl-
bc1010##TRHL##Microbe##D-Glucose_e0	0.0	-0.015975070524115398	-0.015975070524115398	bc1010	TRHL
bc1010##Nicotinamide ribonucleotide##Microbe##D-Glucose_e0	0.0	-0.0007568346777983457	-0.0007568346777983457	bc1010	Nicotinamide ribonucleotide
bc1010##L-Arginine##Microbe##D-Glucose_e0	0.0	-0.0665353245145314	-0.0665353245145314	bc1010	L-Arginine
bc1010##Mg##Microbe##D-Glucose_e0	0.0	-0.000756834677796774	-0.000756834677796774	bc1010	Mg
bc1010##CO2##Microbe##D-Glucose_e0	0.0	1.9570904648582215	1.9570904648582215	bc1010	CO2
bc1010##Niacin##Microbe##D-Glucose_e0	0.0	0.0007568346777991888	0.0007568346777991888	bc1010	Niacin
bc1010##Myristic acid##Microbe##D-Glucose_e0	0.0	-0.018311333728438222	-0.018311333728438222	bc1010	Myristic acid
bc1010##Glycine##Microbe##D-Glucose_e0	0.0	-0.13448700527642635	-0.13448700527642635	bc1010	Glycine
bc1010##H2O##Microbe##D-Glucose_e0	0.0	3.5994600791645746	3.5994600791645746	bc1010	H2O
bc1010##NADP##Microbe##D-Glucose_e0	0.0	-0.0015136693555835453	-0.0015136693555835453	bc1010	NADP
bc1010##ddca##Microbe##D-Glucose_e0	0.0	-0.022161540225302093	-0.022161540225302093	bc1010	ddca
bc1010##Sulfate##Microbe##D-Glucose_e0	0.0	-0.0007568346777982153	-0.0007568346777982153	bc1010	Sulfate
bc1010##Deoxyguanosine##Microbe##D-Glucose_e0	0.0	-0.0007568346777975913	-0.0007568346777975913	bc1010	Deoxyguanosine
bc1010##NH3##Microbe##D-Glucose_e0	0.0	0.0007568346777957313	0.0007568346777957313	bc1010	NH3
bc1010##2-Oxoglutarate##Microbe##D-Glucose_e0	0.0	-0.0015136693555926144	-0.0015136693555926144	bc1010	2-Oxoglutarate
bc1010##Adenosine##Microbe##D-Glucose_e0	0.0	-0.009599959614812066	-0.009599959614812066	bc1010	Adenosine
bc1010##L-Asparagine##Microbe##D-Glucose_e0	0.0	-0.05416503854883402	-0.05416503854883402	bc1010	L-Asparagine
bc1010##Ca2+##Microbe##D-Glucose_e0	0.0	-0.0007568346777996181	-0.0007568346777996181	bc1010	Ca2+
bc1010##Chorismate##Microbe##D-Glucose_e0	0.0	-0.0015136693555910907	-0.0015136693555910907	bc1010	Chorismate
bc1010##Folate##Microbe##D-Glucose_e0	0.0	-0.002270504033396005	-0.002270504033396005	bc1010	Folate
bc1010##L-Leucine##Microbe##D-Glucose_e0	0.0	-0.10124418513673458	-0.10124418513673458	bc1010	L-Leucine
bc1010##Succinate##Microbe##D-Glucose_e0	0.0	0.000756834677810204	0.000756834677810204	bc1010	Succinate
bc1010##AMP##Microbe##D-Glucose_e0	0.0	-0.019358133941519952	-0.019358133941519952	bc1010	AMP
bc1010##L-Cysteine##Microbe##D-Glucose_e0	0.0	-0.020537076700334042	-0.020537076700334042	bc1010	L-Cysteine
bc1010##L-Threonine##Microbe##D-Glucose_e0	0.0	-0.05692733541496314	-0.05692733541496314	bc1010	L-Threonine
bc1010##CMP##Microbe##D-Glucose_e0	0.0	-0.02268315132372412	-0.02268315132372412	bc1010	CMP
bc1010##L-Aspartate##Microbe##D-Glucose_e0	0.0	-0.054165038548835406	-0.054165038548835406	bc1010	L-Aspartate
bc1010##L-Glutamate##Microbe##D-Glucose_e0	0.0	-0.03809586130769583	-0.03809586130769583	bc1010	L-Glutamate
bc1010##fe3##Microbe##D-Glucose_e0	0.0	-0.0022705040334009973	-0.0022705040334009973	bc1010	fe3
bc1010##L-Serine##Microbe##D-Glucose_e0	0.0	-0.058313964393494705	-0.058313964393494705	bc1010	L-Serine
bc1010##BET##Microbe##D-Glucose_e0	0.0	-0.0015136693555944025	-0.0015136693555944025	bc1010	BET
bc1010##Deoxycytidine##Microbe##D-Glucose_e0	0.0	-0.0057054316702002126	-0.0057054316702002126	bc1010	Deoxycytidine
bc1010##BIOT##Microbe##D-Glucose_e0	0.0	-0.000756834677797997	-0.000756834677797997	bc1010	BIOT
bc1010##Glycerol##Microbe##D-Glucose_e0	0.0	-0.016800099897622014	-0.016800099897622014	bc1010	Glycerol
bc1010##TTP##Microbe##D-Glucose_e0	0.0	-0.0029348416328479087	-0.0029348416328479087	bc1010	TTP
bc1010##4-Hydroxybenzoate##Microbe##D-Glucose_e0	0.0	-0.0007568346777989839	-0.0007568346777989839	bc1010	4-Hydroxybenzoate
bc1010##5-Aminolevulinate##Microbe##D-Glucose_e0	0.0	-0.006054677422376505	-0.006054677422376505	bc1010	5-Aminolevulinate
bc1010##Spermidine##Microbe##D-Glucose_e0	0.0	-0.0007568346777970862	-0.0007568346777970862	bc1010	Spermidine
bc1010##L-Phenylalanine##Microbe##D-Glucose_e0	0.0	-0.04167465271938813	-0.04167465271938813	bc1010	L-Phenylalanine
bc1010##L-Isoleucine##Microbe##D-Glucose_e0	0.0	-0.06521422601333918	-0.06521422601333918	bc1010	L-Isoleucine
bc1010##CoA##Microbe##D-Glucose_e0	0.0	-0.0015136693555885313	-0.0015136693555885313	bc1010	CoA
bc1010##O2##Microbe##D-Glucose_e0	0.0	-1.7682145622801937	-1.7682145622801937	bc1010	O2
bc1010##S-Adenosyl-L-methionine##Microbe##D-Glucose_e0	0.0	-0.0022705040333897207	-0.0022705040333897207	bc1010	S-Adenosyl-L-methionine
bc1010##D-Glucose##Microbe##D-Glucose_e0	0.0	-1.0000000000000004	-1.0000000000000004	bc1010	D-Glucose
bc1010##Fumarate##Microbe##D-Glucose_e0	0.0	-0.000756834677801927	-0.000756834677801927	bc1010	Fumarate
bc1010##Acetate##Microbe##D-Glucose_e0	0.0	1.545785182895604	1.545785182895604	bc1010	Acetate
bc1010##Zn2+##Microbe##D-Glucose_e0	0.0	-0.0007568346778008412	-0.0007568346778008412	bc1010	Zn2+
bc1010##Oxidized glutathione##Microbe##D-Glucose_e0	0.0	-0.00037841733889740523	-0.00037841733889740523	bc1010	Oxidized glutathione
bc1010##dATP##Microbe##D-Glucose_e0	0.0	-0.0029348416328475297	-0.0029348416328475297	bc1010	dATP
bc1010##L-Histidine##Microbe##D-Glucose_e0	0.0	-0.02137777574654763	-0.02137777574654763	bc1010	L-Histidine
bc1010##Ala-Ala##Microbe##D-Glucose_e0	0.0	-0.00674547899229449	-0.00674547899229449	bc1010	Ala-Ala
bc1010##L-Valine##Microbe##D-Glucose_e0	0.0	-0.09499899222201134	-0.09499899222201134	bc1010	L-Valine
bc1010##Heme##Microbe##D-Glucose_e0	0.0	-0.000756834677794342	-0.000756834677794342	bc1010	Heme
bc1010##L-Tyrosine##Microbe##D-Glucose_e0	0.0	-0.032547063074801506	-0.032547063074801506	bc1010	L-Tyrosine
bc1010##Riboflavin##Microbe##D-Glucose_e0	0.0	-0.002270504033394306	-0.002270504033394306	bc1010	Riboflavin
bc1010##H+##Microbe##D-Glucose_e0	0.0	1.387434127081199	1.387434127081199	bc1010	H+
bc1010##GTP##Microbe##D-Glucose_e0	0.0	-0.036519873631197027	-0.036519873631197027	bc1010	GTP
bc1010##Pyridoxal##Microbe##D-Glucose_e0	0.0	-0.0007568346778009864	-0.0007568346778009864	bc1010	Pyridoxal
bc1010##L-Alanine##Microbe##D-Glucose_e0	0.0	-0.12216144805088953	-0.12216144805088953	bc1010	L-Alanine
bc1010##Mn2+##Microbe##D-Glucose_e0	0.0	-0.0007568346777998545	-0.0007568346777998545	bc1010	Mn2+
bc1010##L-Methionine##Microbe##D-Glucose_e0	0.0	-0.032954991539120515	-0.032954991539120515	bc1010	L-Methionine
bc1010##L-Tryptophan##Microbe##D-Glucose_e0	0.0	-0.012730585556936609	-0.012730585556936609	bc1010	L-Tryptophan
bc1010##D-Arabinose##Microbe##D-Glucose_e0	0.0	-0.020236436976864704	-0.020236436976864704	bc1010	D-Arabinose
bc1010##Cu2+##Microbe##D-Glucose_e0	0.0	-0.0007568346778011934	-0.0007568346778011934	bc1010	Cu2+
bc1010##dGTP##Microbe##D-Glucose_e0	0.0	-0.004948596992404271	-0.004948596992404271	bc1010	dGTP
bc1010##Thiamin##Microbe##D-Glucose_e0	0.0	-0.0007568346777961736	-0.0007568346777961736	bc1010	Thiamin
bc1010##Putrescine##Microbe##D-Glucose_e0	0.0	-0.0007568346777962145	-0.0007568346777962145	bc1010	Putrescine
bc1010##L-Glutamine##Microbe##D-Glucose_e0	0.0	-0.08682788360932256	-0.08682788360932256	bc1010	L-Glutamine
bc1010##meso-2,6-Diaminopimelate##Microbe##D-Glucose_e0	0.0	-0.006745478992292282	-0.006745478992292282	bc1010	meso-2,6-Diaminopimelate
bc1010##L-Proline##Microbe##D-Glucose_e0	0.0	-0.04972134359028056	-0.04972134359028056	bc1010	L-Proline
bc1010##1,2-Diacyl-sn-glycerol dioctadecanoyl##Microbe##D-Glucose_e0	0.0	-0.03360019979524152	-0.03360019979524152	bc1010	1,2-Diacyl-sn-glycerol dioctadecanoyl
bc1010##Co2+##Microbe##D-Glucose_e0	0.0	-0.0007568346777982517	-0.0007568346777982517	bc1010	Co2+
bc1010##Nitrite##Microbe##D-Glucose_e0	0.0	0.003027338711169656	0.003027338711169656	bc1010	Nitrite
D-Glucose##bc1011##Metabolite##None	0.0	0.2701563170637754	0.2701563170637754	D-Glucose	bc1011
bc1011##1,2-Diacyl-sn-glycerol dioctadecanoyl##Microbe##D-Glucose_e0	0.0	-0.033656446733995385	-0.033656446733995385	bc1011	1,2-Diacyl-sn-glycerol dioctadecanoyl
bc1011##Folate##Microbe##D-Glucose_e0	0.0	-0.0022743048709448627	-0.0022743048709448627	bc1011	Folate
bc1011##L-Leucine##Microbe##D-Glucose_e0	0.0	-0.10141366851825481	-0.10141366851825481	bc1011	L-Leucine
bc1011##L-Lysine##Microbe##D-Glucose_e0	0.0	-0.07711288436559789	-0.07711288436559789	bc1011	L-Lysine
bc1011##L-Valine##Microbe##D-Glucose_e0	0.0	-0.09515802111262028	-0.09515802111262028	bc1011	L-Valine
bc1011##4-Hydroxybenzoate##Microbe##D-Glucose_e0	0.0	-0.000758101623643405	-0.000758101623643405	bc1011	4-Hydroxybenzoate
bc1011##5-Aminolevulinate##Microbe##D-Glucose_e0	0.0	-0.00606481298917788	-0.00606481298917788	bc1011	5-Aminolevulinate
bc1011##L-Threonine##Microbe##D-Glucose_e0	0.0	-0.057022632120583824	-0.057022632120583824	bc1011	L-Threonine
bc1011##L-Glutamine##Microbe##D-Glucose_e0	0.0	-0.085457030767138	-0.085457030767138	bc1011	L-Glutamine
bc1011##D-Arabinose##Microbe##D-Glucose_e0	0.0	-0.02027031289542568	-0.02027031289542568	bc1011	D-Arabinose
bc1011##Co2+##Microbe##D-Glucose_e0	0.0	-0.0007581016236478824	-0.0007581016236478824	bc1011	Co2+
bc1011##Ca2+##Microbe##D-Glucose_e0	0.0	-0.0007581016236462152	-0.0007581016236462152	bc1011	Ca2+
bc1011##Putrescine##Microbe##D-Glucose_e0	0.0	-0.0007581016236511013	-0.0007581016236511013	bc1011	Putrescine
bc1011##Riboflavin##Microbe##D-Glucose_e0	0.0	-0.0022743048709537948	-0.0022743048709537948	bc1011	Riboflavin
bc1011##Mg##Microbe##D-Glucose_e0	0.0	-0.0007581016236495775	-0.0007581016236495775	bc1011	Mg
bc1011##BET##Microbe##D-Glucose_e0	0.0	-0.0015162032472987269	-0.0015162032472987269	bc1011	BET
bc1011##L-Asparagine##Microbe##D-Glucose_e0	0.0	-0.05425571115270685	-0.05425571115270685	bc1011	L-Asparagine
bc1011##Sulfate##Microbe##D-Glucose_e0	0.0	-0.0007581016236521213	-0.0007581016236521213	bc1011	Sulfate
bc1011##AMP##Microbe##D-Glucose_e0	0.0	-0.02077843579332687	-0.02077843579332687	bc1011	AMP
bc1011##Myristic acid##Microbe##D-Glucose_e0	0.0	-0.01682578376518557	-0.01682578376518557	bc1011	Myristic acid
bc1011##dATP##Microbe##D-Glucose_e0	0.0	-0.002477281756660429	-0.002477281756660429	bc1011	dATP
bc1011##L-Phenylalanine##Microbe##D-Glucose_e0	0.0	-0.041744416341440715	-0.041744416341440715	bc1011	L-Phenylalanine
bc1011##Zn2+##Microbe##D-Glucose_e0	0.0	-0.0007581016236506595	-0.0007581016236506595	bc1011	Zn2+
bc1011##L-Proline##Microbe##D-Glucose_e0	0.0	-0.049804577421779045	-0.049804577421779045	bc1011	L-Proline
bc1011##TRHL##Microbe##D-Glucose_e0	0.0	-0.01600181288931027	-0.01600181288931027	bc1011	TRHL
bc1011##Nitrite##Microbe##D-Glucose_e0	0.0	0.003790508118288886	0.003790508118288886	bc1011	Nitrite
bc1011##D-Alanine##Microbe##D-Glucose_e0	0.0	-0.013513541930262054	-0.013513541930262054	bc1011	D-Alanine
bc1011##L-Alanine##Microbe##D-Glucose_e0	0.0	-0.12236594705771328	-0.12236594705771328	bc1011	L-Alanine
bc1011##CO2##Microbe##D-Glucose_e0	0.0	1.9570186340354394	1.9570186340354394	bc1011	CO2
bc1011##L-Glutamate##Microbe##D-Glucose_e0	0.0	-0.04119204050577506	-0.04119204050577506	bc1011	L-Glutamate
bc1011##L-Isoleucine##Microbe##D-Glucose_e0	0.0	-0.06532339502421336	-0.06532339502421336	bc1011	L-Isoleucine
bc1011##Glycerol##Microbe##D-Glucose_e0	0.0	-0.016828223366996353	-0.016828223366996353	bc1011	Glycerol
bc1011##Cl-##Microbe##D-Glucose_e0	0.0	-0.0007581016236490309	-0.0007581016236490309	bc1011	Cl-
bc1011##L-Tyrosine##Microbe##D-Glucose_e0	0.0	-0.03260154705628514	-0.03260154705628514	bc1011	L-Tyrosine
bc1011##L-Tryptophan##Microbe##D-Glucose_e0	0.0	-0.012751896634561057	-0.012751896634561057	bc1011	L-Tryptophan
bc1011##TTP##Microbe##D-Glucose_e0	0.0	-0.0024772817566523346	-0.0024772817566523346	bc1011	TTP
bc1011##Formate##Microbe##D-Glucose_e0	0.0	-0.0007581016236461274	-0.0007581016236461274	bc1011	Formate
bc1011##L-Serine##Microbe##D-Glucose_e0	0.0	-0.05765348070081069	-0.05765348070081069	bc1011	L-Serine
bc1011##Oxidized glutathione##Microbe##D-Glucose_e0	0.0	-0.0003790508118237895	-0.0003790508118237895	bc1011	Oxidized glutathione
bc1011##CoA##Microbe##D-Glucose_e0	0.0	-0.0015162032473285225	-0.0015162032473285225	bc1011	CoA
bc1011##GTP##Microbe##D-Glucose_e0	0.0	-0.03658100812170934	-0.03658100812170934	bc1011	GTP
bc1011##Spermidine##Microbe##D-Glucose_e0	0.0	-0.0007581016236507234	-0.0007581016236507234	bc1011	Spermidine
bc1011##K+##Microbe##D-Glucose_e0	0.0	-0.0007581016236481392	-0.0007581016236481392	bc1011	K+
bc1011##L-Arginine##Microbe##D-Glucose_e0	0.0	-0.06664670505233028	-0.06664670505233028	bc1011	L-Arginine
bc1011##Niacin##Microbe##D-Glucose_e0	0.0	0.0007581016236469927	0.0007581016236469927	bc1011	Niacin
bc1011##Chorismate##Microbe##D-Glucose_e0	0.0	-0.0015162032473085131	-0.0015162032473085131	bc1011	Chorismate
bc1011##L-Cysteine##Microbe##D-Glucose_e0	0.0	-0.020571455891603446	-0.020571455891603446	bc1011	L-Cysteine
bc1011##H+##Microbe##D-Glucose_e0	0.0	1.384263645765944	1.384263645765944	bc1011	H+
bc1011##Adenosine##Microbe##D-Glucose_e0	0.0	-0.00822813378765522	-0.00822813378765522	bc1011	Adenosine
bc1011##Glycine##Microbe##D-Glucose_e0	0.0	-0.13547023896462967	-0.13547023896462967	bc1011	Glycine
bc1011##ddca##Microbe##D-Glucose_e0	0.0	-0.023714842025677946	-0.023714842025677946	bc1011	ddca
bc1011##Thiamin##Microbe##D-Glucose_e0	0.0	-0.0007581016236511467	-0.0007581016236511467	bc1011	Thiamin
bc1011##fe3##Microbe##D-Glucose_e0	0.0	-0.002274304870954341	-0.002274304870954341	bc1011	fe3
bc1011##L-Histidine##Microbe##D-Glucose_e0	0.0	-0.021413562273131577	-0.021413562273131577	bc1011	L-Histidine
bc1011##Deoxycytidine##Microbe##D-Glucose_e0	0.0	-0.006176977655257704	-0.006176977655257704	bc1011	Deoxycytidine
bc1011##UMP##Microbe##D-Glucose_e0	0.0	-0.025296914525166154	-0.025296914525166154	bc1011	UMP
bc1011##Deoxyguanosine##Microbe##D-Glucose_e0	0.0	-0.0007581016236501806	-0.0007581016236501806	bc1011	Deoxyguanosine
bc1011##dGTP##Microbe##D-Glucose_e0	0.0	-0.005418876031605606	-0.005418876031605606	bc1011	dGTP
bc1011##D-Glucose##Microbe##D-Glucose_e0	0.0	-0.999999999999997	-0.999999999999997	bc1011	D-Glucose
bc1011##Acetate##Microbe##D-Glucose_e0	0.0	1.54350862128271	1.54350862128271	bc1011	Acetate
bc1011##NADP##Microbe##D-Glucose_e0	0.0	-0.0015162032472771207	-0.0015162032472771207	bc1011	NADP
bc1011##Mn2+##Microbe##D-Glucose_e0	0.0	-0.0007581016236486617	-0.0007581016236486617	bc1011	Mn2+
bc1011##BIOT##Microbe##D-Glucose_e0	0.0	-0.0007581016236524691	-0.0007581016236524691	bc1011	BIOT
bc1011##L-Aspartate##Microbe##D-Glucose_e0	0.0	-0.05425571115271136	-0.05425571115271136	bc1011	L-Aspartate
bc1011##Pyridoxal##Microbe##D-Glucose_e0	0.0	-0.000758101623651906	-0.000758101623651906	bc1011	Pyridoxal
bc1011##Nicotinamide ribonucleotide##Microbe##D-Glucose_e0	0.0	-0.0007581016236431497	-0.0007581016236431497	bc1011	Nicotinamide ribonucleotide
bc1011##S-Adenosyl-L-methionine##Microbe##D-Glucose_e0	0.0	-0.002274304870949113	-0.002274304870949113	bc1011	S-Adenosyl-L-methionine
bc1011##meso-2,6-Diaminopimelate##Microbe##D-Glucose_e0	0.0	-0.0067567709651336445	-0.0067567709651336445	bc1011	meso-2,6-Diaminopimelate
bc1011##O2##Microbe##D-Glucose_e0	0.0	-1.7682056028599495	-1.7682056028599495	bc1011	O2
bc1011##Heme##Microbe##D-Glucose_e0	0.0	-0.0007581016236490637	-0.0007581016236490637	bc1011	Heme
bc1011##L-Methionine##Microbe##D-Glucose_e0	0.0	-0.03301015839533251	-0.03301015839533251	bc1011	L-Methionine
bc1011##H2O##Microbe##D-Glucose_e0	0.0	3.611925806999925	3.611925806999925	bc1011	H2O
bc1011##CMP##Microbe##D-Glucose_e0	0.0	-0.022721123056961952	-0.022721123056961952	bc1011	CMP
bc1011##Cu2+##Microbe##D-Glucose_e0	0.0	-0.0007581016236502389	-0.0007581016236502389	bc1011	Cu2+
D-Glucose##bc1015##Metabolite##None	0.0	0.0	0.2503022818498666	D-Glucose	bc1015
bc1015##O2##Microbe##D-Glucose_e0	0.0	0.0	-1.8372536299692952	bc1015	O2
bc1015##Mg##Microbe##D-Glucose_e0	0.0	0.0	-0.0007023880408755061	bc1015	Mg
bc1015##NH3##Microbe##D-Glucose_e0	0.0	0.0	0.003511940204389588	bc1015	NH3
bc1015##AMP##Microbe##D-Glucose_e0	0.0	0.0	-0.0268748502125408	bc1015	AMP
bc1015##L-Asparagine##Microbe##D-Glucose_e0	0.0	0.0	-0.050268409239914894	bc1015	L-Asparagine
bc1015##4-Hydroxybenzoate##Microbe##D-Glucose_e0	0.0	0.0	-0.0007023880408720866	bc1015	4-Hydroxybenzoate
bc1015##N-Acetyl-D-glucosamine##Microbe##D-Glucose_e0	0.0	0.0	-0.025743226750740717	bc1015	N-Acetyl-D-glucosamine
bc1015##ddca##Microbe##D-Glucose_e0	0.0	0.0	-0.01635291223453083	bc1015	ddca
bc1015##L-Isoleucine##Microbe##D-Glucose_e0	0.0	0.0	-0.060522718885303674	bc1015	L-Isoleucine
bc1015##CoA##Microbe##D-Glucose_e0	0.0	0.0	-0.0014047760817617883	bc1015	CoA
bc1015##L-Glutamine##Microbe##D-Glucose_e0	0.0	0.0	-0.05343348854361021	bc1015	L-Glutamine
bc1015##BET##Microbe##D-Glucose_e0	0.0	0.0	-0.001404776081752036	bc1015	BET
bc1015##Glycine##Microbe##D-Glucose_e0	0.0	0.0	-0.12551440700751756	bc1015	Glycine
bc1015##dGTP##Microbe##D-Glucose_e0	0.0	0.0	-0.002956992376606455	bc1015	dGTP
bc1015##fe3##Microbe##D-Glucose_e0	0.0	0.0	-0.0021071641226361117	bc1015	fe3
bc1015##Arsenate##Microbe##D-Glucose_e0	0.0	0.0	0.0003511940204404777	bc1015	Arsenate
bc1015##meso-2,6-Diaminopimelate##Microbe##D-Glucose_e0	0.0	0.0	-0.006260209677468694	bc1015	meso-2,6-Diaminopimelate
bc1015##Deoxycytidine##Microbe##D-Glucose_e0	0.0	0.0	-0.0036593804174922103	bc1015	Deoxycytidine
bc1015##D-Glucose##Microbe##D-Glucose_e0	0.0	0.0	-1.000000000000008	bc1015	D-Glucose
bc1015##Heme##Microbe##D-Glucose_e0	0.0	0.0	-0.0007023880408764276	bc1015	Heme
bc1015##Nicotinamide ribonucleotide##Microbe##D-Glucose_e0	0.0	0.0	-0.0007023880408781251	bc1015	Nicotinamide ribonucleotide
bc1015##Mn2+##Microbe##D-Glucose_e0	0.0	0.0	-0.0007023880408807848	bc1015	Mn2+
bc1015##Co2+##Microbe##D-Glucose_e0	0.0	0.0	-0.0007023880408761044	bc1015	Co2+
bc1015##L-Glutamate##Microbe##D-Glucose_e0	0.0	0.0	-0.06390802646634557	bc1015	L-Glutamate
bc1015##L-Serine##Microbe##D-Glucose_e0	0.0	0.0	-0.053416473591450776	bc1015	L-Serine
bc1015##Ala-Ala##Microbe##D-Glucose_e0	0.0	0.0	-0.0062602096774688806	bc1015	Ala-Ala
bc1015##Thiamin##Microbe##D-Glucose_e0	0.0	0.0	-0.0007023880408839254	bc1015	Thiamin
bc1015##Spermidine##Microbe##D-Glucose_e0	0.0	0.0	-0.0007023880408802703	bc1015	Spermidine
bc1015##L-Proline##Microbe##D-Glucose_e0	0.0	0.0	-0.04614439340426293	bc1015	L-Proline
bc1015##PPi##Microbe##D-Glucose_e0	0.0	0.0	0.006911456725611251	bc1015	PPi
bc1015##Zn2+##Microbe##D-Glucose_e0	0.0	0.0	-0.0007023880408791324	bc1015	Zn2+
bc1015##dATP##Microbe##D-Glucose_e0	0.0	0.0	-0.004361003612426776	bc1015	dATP
bc1015##K+##Microbe##D-Glucose_e0	0.0	0.0	-0.0007023880408800277	bc1015	K+
bc1015##Chorismate##Microbe##D-Glucose_e0	0.0	0.0	-0.0014047760817606878	bc1015	Chorismate
bc1015##L-Cysteine##Microbe##D-Glucose_e0	0.0	0.0	-0.019059640753932978	bc1015	L-Cysteine
bc1015##L-Leucine##Microbe##D-Glucose_e0	0.0	0.0	-0.09396068512028284	bc1015	L-Leucine
bc1015##CMP##Microbe##D-Glucose_e0	0.0	0.0	-0.021051326910136312	bc1015	CMP
bc1015##Putrescine##Microbe##D-Glucose_e0	0.0	0.0	-0.0007023880408789211	bc1015	Putrescine
bc1015##L-Valine##Microbe##D-Glucose_e0	0.0	0.0	-0.08816477097288701	bc1015	L-Valine
bc1015##Cu2+##Microbe##D-Glucose_e0	0.0	0.0	-0.000702388040877465	bc1015	Cu2+
bc1015##L-Methionine##Microbe##D-Glucose_e0	0.0	0.0	-0.03058421161637597	bc1015	L-Methionine
bc1015##Niacin##Microbe##D-Glucose_e0	0.0	0.0	0.0007023880408777377	bc1015	Niacin
bc1015##1,2-Diacyl-sn-glycerol dioctadecanoyl##Microbe##D-Glucose_e0	0.0	0.0	-0.031183003633002377	bc1015	1,2-Diacyl-sn-glycerol dioctadecanoyl
bc1015##5-Aminolevulinate##Microbe##D-Glucose_e0	0.0	0.0	-0.005619104327025824	bc1015	5-Aminolevulinate
bc1015##Glycerol##Microbe##D-Glucose_e0	0.0	0.0	-0.015591501816500883	bc1015	Glycerol
bc1015##L-Aspartate##Microbe##D-Glucose_e0	0.0	0.0	-0.05026840923990924	bc1015	L-Aspartate
bc1015##H+##Microbe##D-Glucose_e0	0.0	0.0	1.4792312938010106	bc1015	H+
bc1015##Ca2+##Microbe##D-Glucose_e0	0.0	0.0	-0.0007023880408769927	bc1015	Ca2+
bc1015##BIOT##Microbe##D-Glucose_e0	0.0	0.0	-0.0007023880408783571	bc1015	BIOT
bc1015##Formate##Microbe##D-Glucose_e0	0.0	0.0	-0.0007023880408791718	bc1015	Formate
bc1015##CO2##Microbe##D-Glucose_e0	0.0	0.0	2.011663827494144	bc1015	CO2
bc1015##L-Tryptophan##Microbe##D-Glucose_e0	0.0	0.0	-0.011814748069695322	bc1015	L-Tryptophan
bc1015##TTP##Microbe##D-Glucose_e0	0.0	0.0	-0.004361003612419016	bc1015	TTP
bc1015##Arsenite##Microbe##D-Glucose_e0	0.0	0.0	-0.0003511940204423517	bc1015	Arsenite
bc1015##Sulfate##Microbe##D-Glucose_e0	0.0	0.0	-0.000702388040883416	bc1015	Sulfate
bc1015##Oxidized glutathione##Microbe##D-Glucose_e0	0.0	0.0	-0.0003511940204390554	bc1015	Oxidized glutathione
bc1015##L-Threonine##Microbe##D-Glucose_e0	0.0	0.0	-0.052831986651261195	bc1015	L-Threonine
bc1015##L-Histidine##Microbe##D-Glucose_e0	0.0	0.0	-0.019839859966084263	bc1015	L-Histidine
bc1015##Cl-##Microbe##D-Glucose_e0	0.0	0.0	-0.0007023880408792066	bc1015	Cl-
bc1015##Pyridoxal##Microbe##D-Glucose_e0	0.0	0.0	-0.000702388040877941	bc1015	Pyridoxal
bc1015##S-Adenosyl-L-methionine##Microbe##D-Glucose_e0	0.0	0.0	-0.0021071641226343757	bc1015	S-Adenosyl-L-methionine
bc1015##Folate##Microbe##D-Glucose_e0	0.0	0.0	-0.002107164122624484	bc1015	Folate
bc1015##L-Phenylalanine##Microbe##D-Glucose_e0	0.0	0.0	-0.03867658094512169	bc1015	L-Phenylalanine
bc1015##Deoxyguanosine##Microbe##D-Glucose_e0	0.0	0.0	-0.0007023880408849049	bc1015	Deoxyguanosine
bc1015##Myristic acid##Microbe##D-Glucose_e0	0.0	0.0	-0.021208345830231234	bc1015	Myristic acid
bc1015##TRHL##Microbe##D-Glucose_e0	0.0	0.0	-0.014825825001844525	bc1015	TRHL
bc1015##D-Arabinose##Microbe##D-Glucose_e0	0.0	0.0	-0.01878062903238181	bc1015	D-Arabinose
bc1015##UMP##Microbe##D-Glucose_e0	0.0	0.0	-0.023437821103831243	bc1015	UMP
bc1015##NADP##Microbe##D-Glucose_e0	0.0	0.0	-0.001404776081750284	bc1015	NADP
bc1015##L-Alanine##Microbe##D-Glucose_e0	0.0	0.0	-0.11337316151683655	bc1015	L-Alanine
bc1015##Acetate##Microbe##D-Glucose_e0	0.0	0.0	1.6599053754465967	bc1015	Acetate
bc1015##Riboflavin##Microbe##D-Glucose_e0	0.0	0.0	-0.0021071641240206877	bc1015	Riboflavin
bc1015##GTP##Microbe##D-Glucose_e0	0.0	0.0	-0.03389263632532905	bc1015	GTP
bc1015##L-Tyrosine##Microbe##D-Glucose_e0	0.0	0.0	-0.0302056294989298	bc1015	L-Tyrosine
bc1015##L-Lysine##Microbe##D-Glucose_e0	0.0	0.0	-0.07144578785539582	bc1015	L-Lysine
bc1015##L-Arginine##Microbe##D-Glucose_e0	0.0	0.0	-0.06174877764725174	bc1015	L-Arginine
bc1015##H2O##Microbe##D-Glucose_e0	0.0	0.0	3.5025277911441077	bc1015	H2O
